1.199999991638333995e+03,1.013249991195659677e+05,1.119005323820941450e-01,8.880994646969565531e-01,8.211795597954209731e-11,3.489119779536964502e-11,2.749959521439562547e-11,1.847386128896792584e-11,2.756461589903676536e-09,1.504954996678521503e-12,0.000000000000000000e+00
1.199999983416294754e+03,1.013249982384389878e+05,1.119005318739417915e-01,8.880994620973644560e-01,1.639751522986185391e-10,1.261399358738127755e-10,8.232222789620195165e-11,1.120614809576784355e-10,5.540981938934205064e-09,3.212888611541810277e-12,0.000000000000000000e+00
1.199999975386336473e+03,1.013249973609510926e+05,1.119005313292719545e-01,8.880994593360568290e-01,2.482342463968595062e-10,2.611705877451518489e-10,1.503404801292064522e-10,3.139337728422470368e-10,8.354918327017943724e-09,6.073700039659902957e-12,0.000000000000000000e+00
1.199999967580004977e+03,1.013249964892837888e+05,1.119005307437175856e-01,8.880994564067086205e-01,3.364677246746059922e-10,4.317678479419609215e-10,2.281988757966319030e-10,6.435896324436939338e-10,1.119945005528231444e-08,1.009951185046984536e-11,0.000000000000000000e+00
1.199999960023915264e+03,1.013249956249944516e+05,1.119005301131774377e-01,8.880994533003666591e-01,4.298543921452342745e-10,6.328212178900184380e-10,3.149648287571243461e-10,1.117258919532926960e-09,1.407625323524480048e-08,1.530304240002693826e-11,0.000000000000000000e+00
1.199999952743551603e+03,1.013249947693808790e+05,1.119005294335309736e-01,8.880994500059923302e-01,5.293764809138120868e-10,8.613372337052537190e-10,4.104103834570934432e-10,1.750256889439479167e-09,1.698739768695660042e-08,2.169778391050576599e-11,0.000000000000000000e+00
1.199999945764531731e+03,1.013249939236124774e+05,1.119005287005223059e-01,8.880994465107465707e-01,6.359076761027764226e-10,1.115798941821644490e-09,5.146275304315882765e-10,2.557806383499988409e-09,1.993529219314597814e-08,2.929815103121416820e-11,0.000000000000000000e+00
1.199999938516183420e+03,1.013249931265735795e+05,1.119005280656034662e-01,8.880994426442297973e-01,7.502656728951715181e-10,1.395737302326873692e-09,6.279108055734486714e-10,3.555478323115421272e-09,2.292265473667320827e-08,3.811961279009361004e-11,0.000000000000000000e+00
1.199999930323658418e+03,1.013249924238033709e+05,1.119005277074921201e-01,8.880994382069395954e-01,8.732477448585814216e-10,1.701442914952547883e-09,7.507047790645448538e-10,4.759495365354921162e-09,2.595249865607770031e-08,4.817881804399949912e-11,0.000000000000000000e+00
1.199999922396739976e+03,1.013249917417269899e+05,1.119005273128801659e-01,8.880994334895276898e-01,1.005656072534858889e-09,2.033772814231901514e-09,8.835743818311841613e-10,6.186965502126728505e-09,2.902812976554146087e-08,5.949371244990600711e-11,0.000000000000000000e+00
1.199999914757485840e+03,1.013249910820733348e+05,1.119005268787557211e-01,8.880994284704056829e-01,1.148316531156882264e-09,2.394022589584997003e-09,1.027187093892415118e-09,7.856076828500247278e-09,3.215315202591234484e-08,7.208366641255207310e-11,0.000000000000000000e+00
1.199999907429360064e+03,1.013249904466785811e+05,1.119005264019142520e-01,8.880994231261344352e-01,1.302092995735741795e-09,2.783842880782948559e-09,1.182302453477325741e-09,9.786265262031831796e-09,3.533147847971231272e-08,8.596959122005633621e-11,0.000000000000000000e+00
1.199999900437451970e+03,1.013249898375040502e+05,1.119005258789293328e-01,8.880994174313255884e-01,1.467898909476529060e-09,3.205187004031547247e-09,1.349766757355356782e-09,1.199837121927900110e-08,3.856734749519496782e-08,1.011740745688731850e-10,0.000000000000000000e+00
1.199999893808670777e+03,1.013249892566520284e+05,1.119005253061257088e-01,8.880994113585231053e-01,1.646707006646626869e-09,3.660279856190082092e-09,1.530511296430159711e-09,1.451478927709991033e-08,4.186534269019435590e-08,1.177215178351850052e-10,0.000000000000000000e+00
1.199999887571940462e+03,1.013249887063810165e+05,1.119005246795528458e-01,8.880994048780626038e-01,1.839557965671110384e-09,4.151601838859865882e-09,1.725553194767753086e-09,1.735961750152169479e-08,4.523041628606043244e-08,1.356382838591773355e-10,0.000000000000000000e+00
1.199999881758386209e+03,1.013249881891210971e+05,1.119005239949596164e-01,8.880993979579138164e-01,2.047568442633247456e-09,4.681883315673985057e-09,1.935998136643875056e-09,2.055880913752053145e-08,4.866791534004370483e-08,1.549528514459962343e-10,0.000000000000000000e+00
1.199999876401533584e+03,1.013249877074890537e+05,1.119005232477671280e-01,8.880993905635067298e-01,2.271938855878619957e-09,5.254106705079111005e-09,2.163044558751621970e-09,2.414032998292023152e-08,5.218361078288824798e-08,1.756959803446452715e-10,0.000000000000000000e+00
1.199999871537512718e+03,1.013249872643047129e+05,1.119005224330404946e-01,8.880993826575356298e-01,2.513961372785488500e-09,5.871514735066739231e-09,2.407989219329557617e-09,2.813432833996268301e-08,5.578373015951964872e-08,1.979009036654663318e-10,0.000000000000000000e+00
1.199999867205270675e+03,1.013249868626076059e+05,1.119005215454604157e-01,8.880993741997534885e-01,2.775027800572828988e-09,6.537622303087485469e-09,2.672233469600311637e-09,3.257330809065427242e-08,5.947499178904832943e-08,2.216035074907663392e-10,0.000000000000000000e+00
1.199999863446803147e+03,1.013249865056749695e+05,1.119005205792911878e-01,8.880993651467403716e-01,3.056638164531870262e-09,7.256232723355585534e-09,2.957290767987378733e-09,3.749232150460103407e-08,6.326464350426982185e-08,2.468425530484731113e-10,0.000000000000000000e+00
1.199999860307399103e+03,1.013249861970409693e+05,1.119005195283472170e-01,8.880993554516559696e-01,3.360409622934183695e-09,8.031456627075058310e-09,3.264794907814522241e-09,4.292917242497271719e-08,6.716050389546569434e-08,2.736599024195976763e-10,0.000000000000000000e+00
1.199999857835899093e+03,1.013249859405169555e+05,1.119005183859581309e-01,8.880993450639768083e-01,3.688085797416970685e-09,8.867733148555461941e-09,3.596508920382222551e-09,4.892463088406726343e-08,7.117100616011492035e-08,3.021007517721696345e-10,0.000000000000000000e+00
1.199999856084979001e+03,1.013249857402133930e+05,1.119005171449297120e-01,8.880993339292052591e-01,4.041546964454806077e-09,9.769854146036590364e-09,3.954335023970154225e-09,5.552266902209810093e-08,7.530524650855163718e-08,3.322138990008230877e-10,0.000000000000000000e+00
1.199999855111459055e+03,1.013249856005641341e+05,1.119005157975018622e-01,8.880993219885535694e-01,4.422821121643783922e-09,1.074299122613872652e-08,4.340325577474588019e-09,6.277071826465336269e-08,7.957303706887037864e-08,3.640520389891476941e-10,0.000000000000000000e+00
1.199999854976617826e+03,1.013249855263510253e+05,1.119005143353058312e-01,8.880993091786172355e-01,4.834095269339422566e-09,1.179272370719055340e-08,4.756694333403246546e-09,7.071993209641816286e-08,8.398496003674168971e-08,3.976720441065683657e-10,0.000000000000000000e+00
1.199999855746559888e+03,1.013249855227323715e+05,1.119005127493137713e-01,8.880992954309988585e-01,5.277728527146190490e-09,1.292507153277199050e-08,5.205829604615613099e-09,7.942549211099343336e-08,8.855243078899494705e-08,4.331353263174701804e-10,0.000000000000000000e+00
1.199999857492585079e+03,1.013249855952719663e+05,1.119005110297885824e-01,8.880992806719245625e-01,5.756265336266054540e-09,1.414652858535679335e-08,5.690307556241703498e-09,8.894691634556022847e-08,9.328776152134412155e-08,4.705081712974393849e-10,0.000000000000000000e+00
1.199999860291595041e+03,1.013249857499707432e+05,1.119005091662284429e-01,8.880992648218248853e-01,6.272449950927911536e-09,1.546409941462024589e-08,6.212906829422610092e-09,9.934839794255855178e-08,9.820423115972521590e-08,5.098621172525880123e-10,0.000000000000000000e+00
1.199999864226544105e+03,1.013249859933018452e+05,1.119005071473050117e-01,8.880992477948704833e-01,6.829242500149142996e-09,1.688534005891809427e-08,6.776624773566417402e-09,1.106991806634751325e-07,1.033161628845674013e-07,5.512743860349533813e-10,0.000000000000000000e+00
1.199999869386911769e+03,1.013249863322476449e+05,1.119005049607993268e-01,8.880992294984824120e-01,7.429835868925091682e-09,1.841840101605908822e-08,7.384694521341067744e-09,1.230739536675213828e-07,1.086390056428785012e-07,5.948283237846386076e-10,0.000000000000000000e+00
1.199999875869200878e+03,1.013249867743387586e+05,1.119005025935335546e-01,8.880992098328158724e-01,8.077673508901368081e-09,2.007207262605702904e-08,8.040603014257523112e-09,1.365532681023119827e-07,1.141894201630409574e-07,6.406138595078316234e-10,0.000000000000000000e+00
1.199999883777533341e+03,1.013249873277002334e+05,1.119005000312898457e-01,8.880991886901468124e-01,8.776470628660620161e-09,2.185583910827725952e-08,8.748112457434843535e-09,1.512240327768355566e-07,1.199853812703273667e-07,6.887280918943237668e-10,0.000000000000000000e+00
1.199999893224196967e+03,1.013249880010941706e+05,1.119004972587355762e-01,8.880991659543082672e-01,9.530233604436821433e-09,2.377992807345390183e-08,9.511279977759253926e-09,1.671799682874376480e-07,1.260462716428105967e-07,7.392757617534238457e-10,0.000000000000000000e+00
1.199999904330317577e+03,1.013249888039726211e+05,1.119004942593318924e-01,8.880991414999919176e-01,1.034328409138091031e-08,2.585537204791023660e-08,1.033448204647957463e-08,1.845221710963384580e-07,1.323929982198861325e-07,7.923699102407711180e-10,0.000000000000000000e+00
1.199999917226549996e+03,1.013249897465311660e+05,1.119004910152393700e-01,8.880991151920368809e-01,1.122028356563835979e-08,2.809407110565299314e-08,1.122243934193349490e-08,2.033596877366278857e-07,1.390481106909018695e-07,8.481325197759621671e-10,0.000000000000000000e+00
1.199999932053819975e+03,1.013249908397668769e+05,1.119004875072168032e-01,8.880990868846638797e-01,1.216625973385163992e-08,3.050886027313639530e-08,1.218024350710738935e-08,2.238101327307251255e-07,1.460359289767712650e-07,9.066952049253678604e-10,0.000000000000000000e+00
1.199999948964154328e+03,1.013249920955431880e+05,1.119004837145081421e-01,8.880990564206149296e-01,1.318663620458357724e-08,3.311358526475009168e-08,1.321338721414672237e-08,2.460003828347799955e-07,1.533826864270915518e-07,9.682000052837313749e-10,0.000000000000000000e+00
1.199999968121532447e+03,1.013249935266563989e+05,1.119004796147261838e-01,8.880990236302762630e-01,1.428726275593805436e-08,3.592317974236651296e-08,1.432779483659884783e-08,2.700672852781578713e-07,1.611166758677118654e-07,1.032800170260433807e-09,0.000000000000000000e+00
1.199999989702834455e+03,1.013249951469091902e+05,1.119004751837232720e-01,8.880989883307005561e-01,1.547444905307444687e-08,3.895375138316964338e-08,1.552985661968700252e-08,2.961584467328617475e-07,1.692684122544172940e-07,1.100661050019913056e-09,0.000000000000000000e+00
1.200000013898832094e+03,1.013249969711887534e+05,1.119004703954566138e-01,8.880989503245796390e-01,1.675500010025421760e-08,4.222267237590632161e-08,1.682646461198456044e-08,3.244330629064815219e-07,1.778708036480016635e-07,1.171961022284022221e-09,0.000000000000000000e+00
1.200000040915366753e+03,1.013249990155581327e+05,1.119004652218274498e-01,8.880989093990333538e-01,1.813625801154057303e-08,4.574868604774170916e-08,1.822505500148709247e-08,3.550628959732051461e-07,1.869593526271477534e-07,1.246892619948599731e-09,0.000000000000000000e+00
1.200000070974436539e+03,1.013250012973411795e+05,1.119004596325328810e-01,8.880988653244846764e-01,1.962614080664450204e-08,4.955200589602803041e-08,1.973364744539094053e-08,3.882331825081062442e-07,1.965723432653334099e-07,1.325663518400518813e-09,0.000000000000000000e+00
1.200000104315508906e+03,1.013250038352252013e+05,1.119004535948872614e-01,8.880988178533075761e-01,2.123318909685999725e-08,5.365443476157348166e-08,2.136089239789411457e-08,4.241437260269322610e-07,2.067510660981558430e-07,1.408497779835329931e-09,0.000000000000000000e+00
1.200000141196897630e+03,1.013250066493683262e+05,1.119004470736345014e-01,8.880987667184035983e-01,2.296661514130818004e-08,5.807949005162192418e-08,2.311612084679483028e-08,4.630100450573520906e-07,2.175400544223185955e-07,1.495637146155472692e-09,0.000000000000000000e+00
1.200000181897245056e+03,1.013250097615151899e+05,1.119004400307462427e-01,8.880987116316766405e-01,2.483635552739338037e-08,6.285253821329952447e-08,2.500939773045107453e-08,5.050646060786140576e-07,2.289873379549270404e-07,1.587342425712526523e-09,0.000000000000000000e+00
1.200000226717118949e+03,1.013250131951214717e+05,1.119004324252043242e-01,8.880986522823853813e-01,2.685312796312711733e-08,6.800093970207424824e-08,2.705157953059622594e-08,5.505581527502323225e-07,2.411447161811654799e-07,1.683894988769701768e-09,0.000000000000000000e+00
1.200000275980751439e+03,1.013250169754898525e+05,1.119004242127644710e-01,8.880985883353514909e-01,2.902849312315250108e-08,7.355420684918728711e-08,2.925437699677848837e-08,5.997611534767824238e-07,2.540680559081414874e-07,1.785598400065745580e-09,0.000000000000000000e+00
1.200000330037956246e+03,1.013250211299193907e+05,1.119004153456948647e-01,8.880985194289831020e-01,3.137492286058561634e-08,7.954417797723618602e-08,3.163042433356166281e-08,6.529653980218820228e-07,2.678176193265818816e-07,1.892780226358089347e-09,0.000000000000000000e+00
1.200000389266009506e+03,1.013250256878526998e+05,1.119004057725208612e-01,8.880984451733390239e-01,3.390586697422651453e-08,8.600518782443872546e-08,3.419334694259066973e-08,7.104855605036912578e-07,2.824583848134201029e-07,2.005793769417506858e-09,0.000000000000000000e+00
1.200000454071862123e+03,1.013250306810483453e+05,1.119003954377235377e-01,8.880983651478507879e-01,3.663583185177829088e-08,9.297426828278901885e-08,3.695784121447260492e-08,7.726610403706092594e-07,2.980604247600317180e-07,2.125020151722703523e-09,0.000000000000000000e+00
1.200000524894639739e+03,1.013250361437761312e+05,1.119003842814001864e-01,8.880982788987489274e-01,3.958046923302011541e-08,1.004913749662121139e-07,3.993976459464044539e-08,8.398580403278597078e-07,3.146993318901372768e-07,2.250870682093159275e-09,0.000000000000000000e+00
1.200000602207943530e+03,1.013250421129967144e+05,1.119003722389515509e-01,8.880981859366966491e-01,4.275665794717031071e-08,1.085995958375073269e-07,4.315621856099888376e-08,9.124714801812786424e-07,3.324566111852700231e-07,2.383788973639156556e-09,0.000000000000000000e+00
1.200000686522675096e+03,1.013250486285820080e+05,1.119003592406980219e-01,8.880980857338868217e-01,4.618260404049921627e-08,1.173454067767175791e-07,4.662565026334578355e-08,9.909273411562979962e-07,3.514201600929966515e-07,2.524253602965492700e-09,0.000000000000000000e+00
1.200000778390083042e+03,1.013250557335533958e+05,1.119003452114659125e-01,8.880979777209077053e-01,4.987794899571900811e-08,1.267789477989897079e-07,5.036796239659354388e-08,1.075685199855706903e-06,3.716847871839449613e-07,2.672780978605855495e-09,0.000000000000000000e+00
1.200000878404692457e+03,1.013250634743099945e+05,1.119003300701898740e-01,8.880978612837362451e-01,5.386387348076483086e-08,1.369542878513455151e-07,5.440461858987918445e-08,1.167240658032966860e-06,3.933527084816411861e-07,2.829928048143181115e-09,0.000000000000000000e+00
1.200000987208040897e+03,1.013250719009207824e+05,1.119003137294059258e-01,8.880977357599016964e-01,5.816322982977800564e-08,1.479297629481663903e-07,5.875877795473312230e-08,1.266128444961523310e-06,4.165341816838375024e-07,2.996295833413397108e-09,0.000000000000000000e+00
1.200001105492098077e+03,1.013250810673912056e+05,1.119002960947877712e-01,8.880976004349780961e-01,6.280066305943157981e-08,1.597682850277060571e-07,6.345541807711022901e-08,1.372925252140419992e-06,4.413480840120246943e-07,3.172532594501157651e-09,0.000000000000000000e+00
1.200001234003389527e+03,1.013250910319856048e+05,1.119002770645882022e-01,8.880974545383560903e-01,6.780275691392297038e-08,1.725377146893604915e-07,6.852148343795213889e-08,1.488253154127927289e-06,4.679226097431241979e-07,3.359337704189576118e-09,0.000000000000000000e+00
1.200001373547448793e+03,1.013251018575744820e+05,1.119002565290354440e-01,8.880972972386803610e-01,7.319819134906134721e-08,1.863112631168702785e-07,7.398604550273520621e-08,1.612783297709579738e-06,4.963960215877095656e-07,3.557465820636107383e-09,0.000000000000000000e+00
1.200001524993054545e+03,1.013251136119658622e+05,1.119002343697604596e-01,8.880971276395140945e-01,7.901789227950399005e-08,2.011678742331850847e-07,7.988045506666748245e-08,1.747239410876996736e-06,5.269173631270656086e-07,3.767730812640396358e-09,0.000000000000000000e+00
1.200001689277778496e+03,1.013251263683381258e+05,1.119002104590458291e-01,8.880969447736629663e-01,8.529522756513289148e-08,2.171927248737018684e-07,8.623854156347615930e-08,1.892402394547729071e-06,5.596473925834338335e-07,3.991010985615594013e-09,0.000000000000000000e+00
1.200001867413092441e+03,1.013251402056392690e+05,1.119001846591355515e-01,8.880967475979545389e-01,9.206618735205021479e-08,2.344776849951142734e-07,9.309679664396893877e-08,2.049114549364657578e-06,5.947594388885295541e-07,4.228253828131172405e-09,0.000000000000000000e+00
1.200002060490110125e+03,1.013251552090351615e+05,1.119001568214601505e-01,8.880965349873812809e-01,9.936958635304381166e-08,2.531218338637261780e-07,1.004945801400026209e-07,2.218284317063717390e-06,6.324403611235804691e-07,4.480481362674927235e-09,0.000000000000000000e+00
1.200002269686204272e+03,1.013251714704265905e+05,1.119001267857430565e-01,8.880963057283456363e-01,1.072472972156790856e-07,2.732320555699816079e-07,1.084743577043668641e-07,2.400891750694631070e-06,6.728916549978436199e-07,4.748796346201084999e-09,0.000000000000000000e+00
1.200002496271938526e+03,1.013251890889908391e+05,1.119000943790660479e-01,8.880960585115963424e-01,1.157444945821641161e-07,2.949236617975563653e-07,1.170819494848778856e-07,2.597994236752325134e-06,7.163306074374769408e-07,5.034388740421527719e-09,0.000000000000000000e+00
1.200002741617907986e+03,1.013252081717160181e+05,1.119000594149488909e-01,8.880957919252795429e-01,1.249098952263959334e-07,3.183210045350780681e-07,1.263667750575629433e-07,2.810732127502702840e-06,7.629914282933510911e-07,5.338542053696633229e-09,0.000000000000000000e+00
1.200003007202997651e+03,1.013252288340465602e+05,1.119000216922376445e-01,8.880955044465366210e-01,1.347960484300251015e-07,3.435582169838552655e-07,1.363821495593841263e-07,3.040335551155719206e-06,8.131266196854581239e-07,5.662641063591946990e-09,0.000000000000000000e+00
1.200003294623040574e+03,1.013252512005596363e+05,1.118999809939412449e-01,8.880951944327214465e-01,1.454596395619821085e-07,3.707799881089357939e-07,1.471855935137729539e-07,3.288131533713631874e-06,8.670084035540306022e-07,6.008179879732362933e-09,0.000000000000000000e+00
1.200003605600492392e+03,1.013252754057213897e+05,1.118999370859321413e-01,8.880948601115876695e-01,1.569618293338097434e-07,4.001424281899842505e-07,1.588391791942834156e-07,3.555551958812365054e-06,9.249303148084015600e-07,6.376770969533482618e-09,0.000000000000000000e+00
1.200003941993639501e+03,1.013253015946066880e+05,1.118998897157141847e-01,8.880944995719929347e-01,1.693685752799864558e-07,4.318138889178727697e-07,1.714098593900293593e-07,3.844141115219423387e-06,9.872087015587761572e-07,6.770153679774607437e-09,0.000000000000000000e+00
1.200004305807849050e+03,1.013253299237785832e+05,1.118998386109156806e-01,8.880941107525262002e-01,1.827510250967736510e-07,4.659759668304503438e-07,1.849698695434842340e-07,4.155564930159140675e-06,1.054184563029611229e-06,7.190204721213174293e-09,0.000000000000000000e+00
1.200004699207293470e+03,1.013253605622052273e+05,1.118997834777230443e-01,8.880936914296901907e-01,1.971859254390373156e-07,5.028245460950454332e-07,1.995971461263508037e-07,4.491620569337829649e-06,1.126225451943915315e-06,7.638949059055006455e-09,0.000000000000000000e+00
1.200005124527622684e+03,1.013253936922504363e+05,1.118997239991897374e-01,8.880932392051568147e-01,2.127560629780884948e-07,5.425709235151990885e-07,2.153757784099300629e-07,4.854246797707770006e-06,1.203727520680073962e-06,8.118571674261541263e-09,0.000000000000000000e+00
1.200005584289886656e+03,1.013254295107628714e+05,1.118996598333821119e-01,8.880927514917835719e-01,2.295507483060860767e-07,5.854430427598844837e-07,2.323965044777417366e-07,5.245535349700062794e-06,1.287117760154082256e-06,8.631430483981987819e-09,0.000000000000000000e+00
1.200006081215288077e+03,1.013254682302298897e+05,1.118995906114181593e-01,8.880922254988408149e-01,2.476663274708655201e-07,6.316867989495122795e-07,2.507572361724978188e-07,5.667742953896014559e-06,1.376856355979375779e-06,9.180070008899913442e-09,0.000000000000000000e+00
1.200006618240738817e+03,1.013255100799948123e+05,1.118995159354064101e-01,8.880916582164918305e-01,2.672067195205435996e-07,6.815674094360947068e-07,2.705636114891526117e-07,6.123303975408070840e-06,1.473439151667994516e-06,9.767235750384388102e-09,0.000000000000000000e+00
1.200007198536479564e+03,1.013255553076357464e+05,1.118994353761126048e-01,8.880910463982234493e-01,2.882840250954289294e-07,7.353709657032601222e-07,2.919296202959348810e-07,6.614844731738896825e-06,1.577400432205066050e-06,1.039589049893051577e-08,0.000000000000000000e+00
1.200007825524820191e+03,1.013256041804322595e+05,1.118993484704853825e-01,8.880903865422330457e-01,3.110191715201918368e-07,7.934060781613411641e-07,3.149782685084527513e-07,7.145198675209045364e-06,1.689315858379812113e-06,1.106923163943508869e-08,0.000000000000000000e+00
1.200008502900414442e+03,1.013256569869528612e+05,1.118992547189864850e-01,8.880896748713488220e-01,3.355426089141987257e-07,8.560056508531083935e-07,3.398422957116593655e-07,7.717422783813159424e-06,1.809805617551774163e-06,1.179070985234559850e-08,0.000000000000000000e+00
1.200009234652206032e+03,1.013257140387733816e+05,1.118991535827085354e-01,8.880889073113724663e-01,3.619950613788043733e-07,9.235287963768935421e-07,3.666649506235509128e-07,8.334815257879388744e-06,1.939537805554494919e-06,1.256404932592860831e-08,0.000000000000000000e+00
1.200010025087183749e+03,1.013257756723376515e+05,1.118990444802645118e-01,8.880880794677159518e-01,3.905283376512083990e-07,9.963629021701930611e-07,3.956008291795316093e-07,9.000934628039402614e-06,2.079232055242747633e-06,1.339326960492023519e-08,0.000000000000000000e+00
1.200010878856103545e+03,1.013258422509728698e+05,1.118989267844301833e-01,8.880871866001996962e-01,4.213062059630126721e-07,1.074925860176688394e-06,4.268167804238034844e-07,9.719620388625549001e-06,2.229663427950635253e-06,1.428270921148897741e-08,0.000000000000000000e+00
1.200011800981507804e+03,1.013259141670857352e+05,1.118987998184987204e-01,8.880862235957105444e-01,4.545053437081255320e-07,1.159668486880512687e-06,4.604928914175358068e-07,1.049501540854360402e-05,2.391666611088702154e-06,1.523705133311051546e-08,0.000000000000000000e+00
1.200012796888122011e+03,1.013259918445449730e+05,1.118986628523390980e-01,8.880851849386629526e-01,4.903163638899301380e-07,1.251077138638796089e-06,4.968235536682180937e-07,1.133159017008548572e-05,2.566140422513140788e-06,1.626135164168814800e-08,0.000000000000000000e+00
1.200013872434801215e+03,1.013260757411871600e+05,1.118985150982763771e-01,8.880840646801578808e-01,5.289448877103958553e-07,1.349676444013979079e-06,5.360185805118109652e-07,1.223416812285220990e-05,2.754052465631630208e-06,1.736106743890166304e-08,0.000000000000000000e+00
1.200015033950425050e+03,1.013261663516327826e+05,1.118983557064739398e-01,8.880828564034302097e-01,5.706127467199613365e-07,1.456032365881121893e-06,5.783044609830183852e-07,1.320795411257321683e-05,2.956444321773925031e-06,1.854209037971837236e-08,0.000000000000000000e+00
1.200016288272371639e+03,1.013262642103053513e+05,1.118981837600077356e-01,8.880815531870376311e-01,6.155592644587271217e-07,1.570755465362918021e-06,6.239256999616296407e-07,1.425856471874942709e-05,3.174437027019519667e-06,1.981078144994781334e-08,0.000000000000000000e+00
1.200017642788265448e+03,1.013263698947096127e+05,1.118979982695483127e-01,8.880801475651528554e-01,6.640426400233638191e-07,1.694504424685772479e-06,6.731462683857111473e-07,1.539206103439399428e-05,3.409236924869295950e-06,2.117400882227319229e-08,0.000000000000000000e+00
1.200019105481289444e+03,1.013264840289904096e+05,1.118977981676164968e-01,8.880786314847282092e-01,7.163414417610286168e-07,1.827989849685052965e-06,7.262511729221217278e-07,1.661498408903074766e-05,3.662141915531534092e-06,2.263918883634303293e-08,0.000000000000000000e+00
1.200020684979392854e+03,1.013266072877994302e+05,1.118975823023796307e-01,8.880769962592861555e-01,7.727562199686901073e-07,1.971978374384757554e-06,7.835481553537802272e-07,1.793439313344162789e-05,3.934548122847352332e-06,2.421433037061539184e-08,0.000000000000000000e+00
1.200022390608749902e+03,1.013267404004987475e+05,1.118973494309510736e-01,8.880752325190720553e-01,8.336112482059886575e-07,2.127297091902077469e-06,8.453695328848177124e-07,1.935790702345071591e-05,4.227956999911168146e-06,2.590808289767775436e-08,0.000000000000000000e+00
1.200024232451871512e+03,1.013268841557312844e+05,1.118970982121502283e-01,8.880733301572752980e-01,8.992564036297331514e-07,2.294838337925430164e-06,9.120741916073994879e-07,2.089374896074291322e-05,4.543982894259586824e-06,2.772978854124918888e-08,0.000000000000000000e+00
1.200026221410793141e+03,1.013270394063947024e+05,1.118968271986823526e-01,8.880712782720179277e-01,9.700691976200774596e-07,2.475564855163975152e-06,9.840497465149321395e-07,2.255079487118804457e-05,4.884361092983869513e-06,2.968953848183799561e-08,0.000000000000000000e+00
1.200028369275839168e+03,1.013272070750558196e+05,1.118965348286862366e-01,8.880690651037675964e-01,1.046456968911396891e-06,2.670515369515167817e-06,1.061714882710640655e-06,2.433862572587275081e-05,5.250956367261407927e-06,3.179823408963713565e-08,0.000000000000000000e+00
1.200030688800482039e+03,1.013273881598498992e+05,1.118962194166022717e-01,8.880666779678177969e-01,1.128859252464566335e-06,2.880810611242012208e-06,1.145521893853653133e-06,2.626758413707662454e-05,5.645772034486136134e-06,3.406765319772277147e-08,0.000000000000000000e+00
1.200033193782894159e+03,1.013275837409099913e+05,1.118958791432995981e-01,8.880641031814442421e-01,1.217750338433784277e-06,3.107659817223595251e-06,1.235959435426112232e-06,2.834883559111555688e-05,6.070959554338066531e-06,3.651052196633321471e-08,0.000000000000000000e+00
1.200035899154836670e+03,1.013277949873811449e+05,1.118955120454066116e-01,8.880613259853158414e-01,1.313642036784925345e-06,3.352367753325076101e-06,1.333555512096608353e-06,3.059443471225586941e-05,6.528828672596748156e-06,3.914059282982044553e-08,0.000000000000000000e+00
1.200038821078623641e+03,1.013280231650754286e+05,1.118951160037727488e-01,8.880583304587050808e-01,1.417086664459847054e-06,3.616342299243390494e-06,1.438880720353372453e-06,3.301739698794386004e-05,7.021858123323693939e-06,4.197272906300874047e-08,0.000000000000000000e+00
1.200041977052955190e+03,1.013282696448343049e+05,1.118946887309924809e-01,8.880550994280080879e-01,1.528680273409720622e-06,3.901102641712194153e-06,1.552551769652031378e-06,3.563177642450126898e-05,7.552706895827301147e-06,4.502299655199939839e-08,0.000000000000000000e+00
1.200045386028509938e+03,1.013285359116690233e+05,1.118942277579125094e-01,8.880516143680399210e-01,1.649066139404831038e-06,4.208288125856038628e-06,1.675235307643930468e-06,3.845274964581733585e-05,8.124226067666592778e-06,4.830876340755712871e-08,0.000000000000000000e+00
1.200049068534306798e+03,1.013288235747601721e+05,1.118937304190343318e-01,8.880478552955373139e-01,1.778938533227504942e-06,4.539667818663086049e-06,1.807652077593278374e-06,4.149670699459384723e-05,8.739471198414017691e-06,5.184880811587099858e-08,0.000000000000000000e+00
1.200053046815918606e+03,1.013291343784049241e+05,1.118931938367214440e-01,8.880438006542442642e-01,1.919046797759901206e-06,4.897150843226901467e-06,1.950581438961507983e-06,4.478135124863808912e-05,9.401715271127827583e-06,5.566343698390269194e-08,0.000000000000000000e+00
1.200057344986800445e+03,1.013294702140122390e+05,1.118926149041058332e-01,8.880394271909152204e-01,2.070199756499006231e-06,5.282797547357468390e-06,2.104866285258148059e-06,4.832580462158635474e-05,1.011446215875122891e-05,5.977461170195846048e-08,0.000000000000000000e+00
1.200061989194071202e+03,1.013298331332571834e+05,1.118919902665875959e-01,8.880347098215103374e-01,2.233270481296820498e-06,5.698831575706170785e-06,2.271418396779396729e-06,5.215072478148819027e-05,1.088146058120697924e-05,6.420608791753751863e-08,0.000000000000000000e+00
1.200067007800740612e+03,1.013302253625514713e+05,1.118913163017455081e-01,8.880296214863844240e-01,2.409201463992215731e-06,6.147652957285046864e-06,2.451224284577529011e-06,5.627843103026451216e-05,1.170671857015942039e-05,6.898356617767045941e-08,0.000000000000000000e+00
1.200072431585288314e+03,1.013306493189085741e+05,1.118905890976337747e-01,8.880241329944004169e-01,2.599010198072730862e-06,6.631852221726837476e-06,2.645351543810597606e-06,6.073304089429936998e-05,1.259451825473077155e-05,7.413485556697620576e-08,0.000000000000000000e+00
1.200078293959676330e+03,1.013311076272923237e+05,1.118898044294280858e-01,8.880182128558812282e-01,2.803795177380989412e-06,7.154225559592360749e-06,2.854955737603845166e-06,6.554061741143881424e-05,1.354943075660709096e-05,7.969005039583254206e-08,0.000000000000000000e+00
1.200084631210933821e+03,1.013316031398583436e+05,1.118889577338707808e-01,8.880118271004499020e-01,3.024742453718215935e-06,7.717791385263387879e-06,3.081287972950980017e-06,7.072933059526296379e-05,1.457633155074380164e-05,8.568172392188153005e-08,0.000000000000000000e+00
1.200091482766270929e+03,1.013321389570921747e+05,1.118880440816614197e-01,8.880049390810946797e-01,3.263132712514693445e-06,8.325808194857618158e-06,3.325703144303596677e-06,7.632963227626089623e-05,1.568041578030920843e-05,9.214513816008616305e-08,0.000000000000000000e+00
1.200098891485031345e+03,1.013327184511121450e+05,1.118870581475226722e-01,8.879975092626866129e-01,3.520348934500673808e-06,8.981793888398097845e-06,3.589668935471151261e-06,8.237444610437942398e-05,1.686721345862514119e-05,9.911847174825873043e-08,0.000000000000000000e+00
1.200106903980500192e+03,1.013333452913827787e+05,1.118859941777318179e-01,8.879894949936745219e-01,3.797884694763285793e-06,9.689546682669066959e-06,3.874775655948970861e-06,8.889937413515154726e-05,1.814260436024413468e-05,1.066430673572757333e-07,0.000000000000000000e+00
1.200115570974926186e+03,1.013340234731124074e+05,1.118848459548910101e-01,8.879808502595997188e-01,4.097353154749927441e-06,1.045316775119551441e-05,4.182746995311269469e-06,9.594292155090589547e-05,1.951283235947568178e-05,1.147637001986531331e-07,0.000000000000000000e+00
1.200124947691522948e+03,1.013347573486440524e+05,1.118836067596877676e-01,8.879715254169561200e-01,4.420496807965257811e-06,1.127708574027941620e-05,4.515451788197546114e-06,1.035467412257194079e-04,2.098451892718155743e-05,1.235288692496977642e-07,0.000000000000000000e+00
1.200135094287656557e+03,1.013355516621827846e+05,1.118822693293738818e-01,8.879614669057952492e-01,4.769198045804490306e-06,1.216608332373253023e-05,4.874916892213230785e-06,1.117559000164246855e-04,2.256467544238501945e-05,1.329911128676664172e-07,0.000000000000000000e+00
1.200146076333938709e+03,1.013364115882453043e+05,1.118808258126607752e-01,8.879506169393398540e-01,5.145490616292611725e-06,1.312532597416576342e-05,5.263341291910362250e-06,1.206191688554238703e-04,2.426071391383735013e-05,1.432073504939115742e-07,0.000000000000000000e+00
1.200157965344500099e+03,1.013373427742648346e+05,1.118792677207049030e-01,8.879389131687197567e-01,5.551572055427341129e-06,1.416039314534957981e-05,5.683111553891069066e-06,1.301893389340411621e-04,2.608045563715239850e-05,1.542392521453809729e-07,0.000000000000000000e+00
1.200170839369872965e+03,1.013383513882699626e+05,1.118775858731282657e-01,8.879262883156252562e-01,5.989817358614815783e-06,1.527731253687716952e-05,6.136818961724909338e-06,1.405235707849225644e-04,2.803213796455449291e-05,1.661536422968468969e-07,0.000000000000000000e+00
1.200184783644815980e+03,1.013394441710559186e+05,1.118757703404725939e-01,8.879126697840328264e-01,6.462793520857546724e-06,1.648259648529565793e-05,6.627277987109279042e-06,1.516837679559062280e-04,3.012441662138844506e-05,1.790229268543091164e-07,0.000000000000000000e+00
1.200199891304181847e+03,1.013406284939034231e+05,1.118738103819005014e-01,8.878979792429262385e-01,6.973275246464074949e-06,1.778328123652298077e-05,7.157546476259823234e-06,1.637369829683433240e-04,3.236636369864861893e-05,1.929255499500003320e-07,0.000000000000000000e+00
1.200216264188742343e+03,1.013419124235975323e+05,1.118716943759653637e-01,8.878821321647766274e-01,7.524262384523709490e-06,1.918697050070741861e-05,7.730948203873495538e-06,1.767558694534350407e-04,3.476746222458488195e-05,2.079464938407403557e-07,0.000000000000000000e+00
1.200234013734816017e+03,1.013433047942942940e+05,1.118694097458304004e-01,8.878650373310810195e-01,8.118998721182032907e-06,2.070188233540083201e-05,8.351097463205957945e-06,1.908191724186250355e-04,3.733759434421554489e-05,2.241778089038020771e-07,0.000000000000000000e+00
1.200253261962307533e+03,1.013448152874189109e+05,1.118669428777881586e-01,8.878465962975730097e-01,8.760992415183749155e-06,2.233690007068130079e-05,9.021926078564643930e-06,2.060122642677053942e-04,4.008702263174098834e-05,2.417191779615233754e-07,0.000000000000000000e+00
1.200274142572364326e+03,1.013464545205169707e+05,1.118642790324407277e-01,8.878267028156299201e-01,9.454038230230057122e-06,2.410162764874000028e-05,9.747713082456308179e-06,2.224277311305243175e-04,4.302636332604118654e-05,2.606785143641084796e-07,0.000000000000000000e+00
1.200296802167022861e+03,1.013482341460755997e+05,1.118614022478349457e-01,8.878052422060677129e-01,1.020224173300568952e-05,2.600644978794241057e-05,1.053311732288534843e-05,2.401660145210519947e-04,4.616655014306806200e-05,2.811725923009116853e-07,0.000000000000000000e+00
1.200321401617503170e+03,1.013501669624636124e+05,1.118582952322451918e-01,8.877820906699045445e-01,1.101004603912465389e-05,2.806259842907767775e-05,1.138321372186445623e-05,2.593361233897243669e-04,4.951878855568493817e-05,3.033277176384411120e-07,0.000000000000000000e+00
1.200348117573172203e+03,1.013522670364110672e+05,1.118549392485085475e-01,8.877571145518161622e-01,1.188226059701254354e-05,3.028222414569905054e-05,1.230353271388038360e-05,2.800564055223245859e-04,5.309449628434450874e-05,3.272804149072479597e-07,0.000000000000000000e+00
1.200377144102129932e+03,1.013545498363580555e+05,1.118513139918469734e-01,8.877301695720255514e-01,1.282409149351788708e-05,3.267847119045569321e-05,1.330010239693369347e-05,3.024553669758926842e-04,5.690522597001999020e-05,3.531781034209128970e-07,0.000000000000000000e+00
1.200408694567674047e+03,1.013570323849697597e+05,1.118473974500240470e-01,8.877010999468948338e-01,1.384117614615317851e-05,3.526556342405538520e-05,1.437949665378589979e-05,3.266726099257990135e-04,6.096257710673954309e-05,3.811798273801859577e-07,0.000000000000000000e+00
1.200443003690479600e+03,1.013597334269134590e+05,1.118431657529066481e-01,8.876697374522225514e-01,1.493962053434230319e-05,3.805889640523477672e-05,1.554888723221087792e-05,3.528598459130171143e-04,6.527808782027390126e-05,4.114569684530889542e-07,0.000000000000000000e+00
1.200480329835663724e+03,1.013626736150544457e+05,1.118385930079996982e-01,8.876359004062044367e-01,1.612603983583702275e-05,4.107513782247311550e-05,1.681610086813664759e-05,3.811820068586623846e-04,6.986310647174379378e-05,4.441939416554345294e-07,0.000000000000000000e+00
1.200520957616662599e+03,1.013658757224251749e+05,1.118336511128796423e-01,8.875993925087320990e-01,1.740760478572156523e-05,4.433234210970878877e-05,1.818968410719379748e-05,4.118185118277135058e-04,7.472864665005574765e-05,4.795889104827466670e-07,0.000000000000000000e+00
1.200565200593609688e+03,1.013693648623841145e+05,1.118283095704235980e-01,8.875600017264785313e-01,1.879208706766276752e-05,4.785006227983263548e-05,1.967896827551634978e-05,4.449645281752141811e-04,7.988520300359800656e-05,5.178542985780410864e-07,0.000000000000000000e+00
1.200613404406994050e+03,1.013731687440497626e+05,1.118225352697258673e-01,8.875174989570595585e-01,2.028791327699055978e-05,5.164948314059165436e-05,2.129414559351927913e-05,4.808324605640327057e-04,8.534255331569657558e-05,5.592173264033901655e-07,0.000000000000000000e+00
1.200665950208106324e+03,1.013773179520894191e+05,1.118162922494957828e-01,8.874716365965704679e-01,2.190422311481024636e-05,5.575356484536476921e-05,2.304635121154890388e-05,5.196535638839095295e-04,9.110953048103137390e-05,6.039203998742419108e-07,0.000000000000000000e+00
1.200723258500189104e+03,1.013818462599690829e+05,1.118095414325611658e-01,8.874221469307814747e-01,2.365093471800956210e-05,6.018720413772812942e-05,2.494775456922557766e-05,5.616797526331969090e-04,9.719376922773175311e-05,6.522213742158620132e-07,0.000000000000000000e+00
1.200785793230327954e+03,1.013867909639639256e+05,1.118022403492267280e-01,8.873687404783509036e-01,2.553881256037621815e-05,6.497740175093705435e-05,2.701165461759162550e-05,6.071854955189823948e-04,1.036014144786178901e-04,7.043934986631479241e-07,0.000000000000000000e+00
1.200854066268693487e+03,1.013921932487952436e+05,1.117943428348557589e-01,8.873111041814361055e-01,2.757954168102578693e-05,7.015344550235824749e-05,2.925258322613064299e-05,6.564698876175018710e-04,1.103368006103703261e-04,7.607250735293337365e-07,0.000000000000000000e+00
1.200928642431323397e+03,1.013980985973659699e+05,1.117857986858000197e-01,8.872488993321230311e-01,2.978581231120542222e-05,7.574711936025937942e-05,3.168642112744043645e-05,7.098590012033644155e-04,1.174021092342291772e-04,8.215188434264171897e-07,0.000000000000000000e+00
1.201010145068722977e+03,1.014045572463974386e+05,1.117765532719844496e-01,8.871817592243455008e-01,3.217141533315056988e-05,8.179293958488868539e-05,3.433052639308232623e-05,7.677085268029673268e-04,1.247970045255848812e-04,8.870910332155970162e-07,0.000000000000000000e+00
1.201099261717457011e+03,1.014116246477193636e+05,1.117665471556645723e-01,8.871092868772031403e-01,3.475133594594201065e-05,8.832838621321417250e-05,3.720386001488756823e-05,8.304063884208888816e-04,1.325182269577724345e-04,9.577695825450804703e-07,0.000000000000000000e+00
1.201196750520369505e+03,1.014193619914744049e+05,1.117557156430398352e-01,8.870310523095912281e-01,3.754186431079343947e-05,9.539417737521102417e-05,4.032713096927810855e-05,8.983757974258461433e-04,1.405591853119076448e-04,1.033891978674718365e-06,0.000000000000000000e+00
1.201303447245379402e+03,1.014278367775969818e+05,1.117439882849544236e-01,8.869465894794437144e-01,4.056071908513372105e-05,1.030345761090117635e-04,4.372295427020414255e-05,9.720786414664646076e-04,1.489095422347691230e-04,1.115802439243590614e-06,0.000000000000000000e+00
1.201420272713448185e+03,1.014371234202274791e+05,1.117312883421583553e-01,8.868553929891278553e-01,4.382717997059980969e-05,1.112977201217208687e-04,4.741601671823309541e-05,1.052019106688945830e-03,1.575547970009754598e-04,1.203848216218112688e-06,0.000000000000000000e+00
1.201548240408828633e+03,1.014473038665762433e+05,1.117175322315253905e-01,8.867569146589786566e-01,4.736222521778497146e-05,1.202359645547086773e-04,5.143324483360564662e-05,1.138747422800449232e-03,1.664758772763323561e-04,1.298374816007703393e-06,0.000000000000000000e+00
1.201688465048578337e+03,1.014584682922743814e+05,1.117026288742001827e-01,8.866505594124691747e-01,5.118869430073710679e-05,1.299062887884863151e-04,5.580399895910035036e-05,1.232864233449474343e-03,1.756487773077383674e-04,1.399720528054183903e-06,0.000000000000000000e+00
1.201842171883783976e+03,1.014707158547372383e+05,1.116864789633327942e-01,8.865356805877644408e-01,5.533147140626520878e-05,1.403707564151729966e-04,6.056028598644952460e-05,1.335025475151224890e-03,1.850442499398558796e-04,1.508210006635701932e-06,0.000000000000000000e+00
1.202010705387546750e+03,1.014841553959800658e+05,1.116689742668062063e-01,8.864115754449852780e-01,5.981766065299885332e-05,1.516969557730107768e-04,6.573695440024352355e-05,1.445947010790110936e-03,1.946275604038491178e-04,1.624146190861760830e-06,0.000000000000000000e+00
1.202195539381659955e+03,1.014989062593074486e+05,1.116499967672769794e-01,8.862774794985601723e-01,6.467680330914321943e-05,1.639585476622021734e-04,7.137193538979680612e-05,1.566410284327990907e-03,2.043583617700207031e-04,1.747801706523618048e-06,0.000000000000000000e+00
1.202398287525014439e+03,1.015150991329132812e+05,1.116294177311999980e-01,8.861325602870043783e-01,6.994111403031860773e-05,1.772358624625470515e-04,7.750649762663212069e-05,1.697268398016965997e-03,2.141907004952408407e-04,1.879409166575459955e-06,0.000000000000000000e+00
1.202620713929204612e+03,1.015328769008972449e+05,1.116070967169502937e-01,8.859759106228184411e-01,7.564573374730554800e-05,1.916165412384920972e-04,8.418551477181700487e-05,1.839452534155619360e-03,2.240731859036913744e-04,2.019150417166665699e-06,0.000000000000000000e+00
1.202864743893967670e+03,1.015523955004679883e+05,1.115828805113902311e-01,8.858065412245685888e-01,8.182900211565085388e-05,2.071962283678831836e-04,9.145775118644405041e-05,1.993978777666171893e-03,2.339493597263270740e-04,2.167144981628585670e-06,0.000000000000000000e+00
1.203132475686698399e+03,1.015738248593011085e+05,1.115566019046431434e-01,8.856233721048387686e-01,8.853277249611214781e-05,2.240793732245721453e-04,9.937619673421609512e-05,2.161955916422853962e-03,2.437582933125412808e-04,2.323438330621182182e-06,0.000000000000000000e+00
1.203426192691572169e+03,1.015973498582224711e+05,1.115280783542434428e-01,8.854252230410774027e-01,9.580275672672131234e-05,2.423801087884989004e-04,1.079984365027339876e-04,2.344593877100393034e-03,2.534354355702726010e-04,2.487989993473579252e-06,0.000000000000000000e+00
1.203748376241480855e+03,1.016231713440344756e+05,1.114971105043602861e-01,8.852108028836289666e-01,1.036889083956108625e-04,2.622232288438789728e-04,1.173870731494187930e-04,2.543213010976913720e-03,2.629137286124182647e-04,2.660662035375732195e-06,0.000000000000000000e+00
1.204101718322759552e+03,1.016515071267872554e+05,1.114634806246941473e-01,8.849786981211589243e-01,1.122458283555191405e-04,2.837452224163259317e-04,1.276101888899045650e-04,2.759253800365383050e-03,2.721250059395047619e-04,2.841208183290854744e-06,0.000000000000000000e+00
1.204489136391458942e+03,1.016825931421287678e+05,1.114269507780052820e-01,8.847273594362704552e-01,1.215332404492499647e-04,3.070954845067711426e-04,1.387419187407953338e-04,2.994288233817585416e-03,2.810016434677950134e-04,3.029264745209062835e-06,0.000000000000000000e+00
1.204913789264260458e+03,1.017166846951915941e+05,1.113872608094146205e-01,8.844550868876458471e-01,1.316165138434110529e-04,3.324376423002873811e-04,1.508631133869886771e-04,3.250032245118177412e-03,2.894784448423105795e-04,3.224343451709492535e-06,0.000000000000000000e+00
1.205379094978982948e+03,1.017540578586801421e+05,1.113441260914182218e-01,8.841600133088105551e-01,1.425672481567914675e-04,3.599510356088742036e-04,1.640621288493396203e-04,3.528359657650080236e-03,2.974947025915081742e-04,3.425826918055667332e-06,0.000000000000000000e+00
1.205888751407981999e+03,1.017950110891419317e+05,1.112972349745272593e-01,8.838400856396405603e-01,1.544639334865013968e-04,3.898323791537678480e-04,1.784357736442633254e-04,3.831317979528070950e-03,3.049963527955505639e-04,3.632967227432607684e-06,0.000000000000000000e+00
1.206446760699370316e+03,1.018398671492424764e+05,1.112462458745998722e-01,8.834930437991330709e-01,1.673927020588960029e-04,4.222976453622355746e-04,1.940904512578726828e-04,4.161146525665178168e-03,3.119381139385426225e-04,3.844887987847817264e-06,0.000000000000000000e+00
1.207057457001826606e+03,1.018889752933405252e+05,1.111907840700423200e-01,8.831163976640631352e-01,1.814481523665400543e-04,4.575841160447123340e-04,2.111434914331317993e-04,4.520296417704768380e-03,3.182854984500893829e-04,4.060589898900765455e-06,0.000000000000000000e+00
1.207725541303032742e+03,1.019427140271281969e+05,1.111304379163503137e-01,8.827074003133400515e-01,1.967343186456199037e-04,4.959527812894402865e-04,2.297247803328511496e-04,4.911454416637499668e-03,3.240165133872151683e-04,4.278960020727250897e-06,0.000000000000000000e+00
1.208456122967189003e+03,1.020014944091226935e+05,1.110647545415743426e-01,8.822630180559328794e-01,2.133657692248215360e-04,5.376910397628968316e-04,2.499786788572088206e-04,5.337570207899848193e-03,3.291229226082626803e-04,4.498784143617320783e-06,0.000000000000000000e+00
1.209254769893723960e+03,1.020657640502735449e+05,1.109932348854671957e-01,8.817798964268710460e-01,2.314688678472113311e-04,5.831157818146147191e-04,2.720662860028617001e-04,5.801888072490397202e-03,3.336109178324209320e-04,4.718761678106287959e-06,0.000000000000000000e+00
1.210127569892983729e+03,1.021360120216263167e+05,1.109153278751144334e-01,8.812543208527563454e-01,2.511832502246154797e-04,6.325769822645671385e-04,2.961681199426650403e-04,6.307984325147256328e-03,3.375010724255287698e-04,4.937522128640038809e-06,0.000000000000000000e+00
1.211081202354745528e+03,1.022127745949462405e+05,1.108304238146362863e-01,8.806821725478720664e-01,2.726634968136152325e-04,6.864617518681984240e-04,3.224871965055982424e-04,6.859810020645087242e-03,3.408275295784212442e-04,5.153642084910829635e-06,0.000000000000000000e+00
1.212123022771103706e+03,1.022966420213874080e+05,1.107378467483889350e-01,8.800588780500174790e-01,2.960810634595471467e-04,7.451989996069747525e-04,3.512525894102703507e-04,7.461740490729696154e-03,3.436363967256596220e-04,5.365661665540690244e-06,0.000000000000000000e+00
1.213261166851216785e+03,1.023882668880222773e+05,1.106368451574451933e-01,8.793793480714409139e-01,3.216266335017817267e-04,8.092651136701878301e-04,3.827236852368296415e-04,8.118635846106905807e-03,3.459833936520826758e-04,5.572098950403242087e-06,0.000000000000000000e+00
1.214504665401405873e+03,1.024883733350883995e+05,1.105265816696871517e-01,8.786379100845588264e-01,3.495127223461319218e-04,8.791902364585020471e-04,4.171949282135204947e-04,8.835907922673105069e-03,3.479309740671934791e-04,5.771461999647114151e-06,0.000000000000000000e+00
1.215863584419566223e+03,1.025977682917613856e+05,1.104061204062922741e-01,8.778282252726481438e-01,3.799768851596797880e-04,9.555660113132112511e-04,4.550015517977242289e-04,9.619602541427558703e-03,3.495450741773166209e-04,5.962257188260002472e-06,0.000000000000000000e+00
1.217349179697874888e+03,1.027173538582652836e+05,1.102744127495567938e-01,8.769431948696224666e-01,4.132853336245817890e-04,1.039054310970092968e-03,4.965260928295772052e-04,1.047649181520230073e-02,3.508918336580810291e-04,6.142994540255706101e-06,0.000000000000000000e+00
1.218974081957667067e+03,1.028481421147873625e+05,1.101302799442116787e-01,8.759748450063522540e-01,4.497373667697789567e-04,1.130397956598513075e-03,5.422063330097132757e-04,1.141418666261323663e-02,3.520345409518699795e-04,6.312189496978325922e-06,0.000000000000000000e+00
1.220752507688765263e+03,1.029912719556516968e+05,1.099723927529102085e-01,8.749141912889707440e-01,4.896705651021765254e-04,1.230433286814811879e-03,5.925447382468363540e-04,1.244126788651147078e-02,3.530311187675667060e-04,6.468362680263595720e-06,0.000000000000000000e+00
1.222700503748960728e+03,1.031480285840842844e+05,1.097992472358748500e-01,8.737510766510083737e-01,5.334669875706951614e-04,1.340105157285274287e-03,6.481199352969804414e-04,1.356744164729472082e-02,3.539323467767561807e-04,6.610038896501967700e-06,0.000000000000000000e+00
1.224836233242464459e+03,1.033198662578410149e+05,1.096091357462382343e-01,8.724739762167990076e-01,5.815606064605877579e-04,1.460484927567625964e-03,7.096008218718074904e-04,1.480372500172195439e-02,3.547809321495207810e-04,6.735747195254483362e-06,0.000000000000000000e+00
1.227180312728240096e+03,1.035084350774429186e+05,1.094001119728314625e-01,8.710697612299006520e-01,6.344462820045565239e-04,1.592792145174343242e-03,7.777640871327574056e-04,1.616266884033185774e-02,3.556114185359281177e-04,6.844024092700325753e-06,0.000000000000000000e+00
1.229756218178095196e+03,1.037156131977956102e+05,1.091699481362715524e-01,8.695234092759687172e-01,6.926907642182000445e-04,1.738421083038852247e-03,8.535162898256205529e-04,1.765863021901226126e-02,3.564508097446977440e-04,6.933421924357407128e-06,0.000000000000000000e+00
1.232590770842478150e+03,1.039435453336645442e+05,1.089160829111946588e-01,8.678176512028104028e-01,7.569460942482180484e-04,1.898972981013367619e-03,9.379216116158785831e-04,1.930810297527671415e-02,3.573196985658040918e-04,7.002525279260188389e-06,0.000000000000000000e+00
1.235714733034568326e+03,1.041946899361343385e+05,1.086355567727102095e-01,8.659325324972102500e-01,8.279662564148208750e-04,2.076296013492406022e-03,1.032237304442772943e-03,2.113012752857965082e-02,3.582336497354032942e-04,7.049977418827411727e-06,0.000000000000000000e+00
1.239163530178777592e+03,1.044718763029176480e+05,1.083249324689058574e-01,8.638448735600311457e-01,9.066276841706571044e-04,2.272534362613058603e-03,1.137958744670854172e-03,2.314679406202652459e-02,3.592045972660745548e-04,7.074520320457358621e-06,0.000000000000000000e+00
1.242978160163665052e+03,1.047783764569083578e+05,1.079801938502884529e-01,8.615275830317555839e-01,9.939553643744686740e-04,2.490190577442770448e-03,1.256878178539568231e-03,2.538388187362031895e-02,3.602420730775608595e-04,7.075050905731392120e-06,0.000000000000000000e+00
1.247206307342860327e+03,1.051179930827083444e+05,1.075966198030818693e-01,8.589488017884893134e-01,1.091155404681790802e-03,2.732203176018372075e-03,1.391160455325220462e-03,2.787165453021056560e-02,3.613541502296160023e-04,7.050691967790055875e-06,0.000000000000000000e+00
1.251903769848339152e+03,1.054951721033031645e+05,1.071686208214827213e-01,8.560707927078757828e-01,1.199657277148547625e-03,3.002047217536633113e-03,1.543443765480206594e-03,3.064588924650786528e-02,3.625480655123538144e-04,7.000898460516693580e-06,0.000000000000000000e+00
1.257136248455786244e+03,1.059151435579147801e+05,1.066895303108244403e-01,8.528485215771508532e-01,1.321167817816992773e-03,3.303862696910299292e-03,1.716972853232704094e-03,3.374918863743162079e-02,3.638305238626553945e-04,6.925582775151441982e-06,0.000000000000000000e+00
1.262981641851572931e+03,1.063841021021532652e+05,1.061513321396317933e-01,8.492278022150623329e-01,1.457741762676162053e-03,3.642622251682894018e-03,1.915778889077667533e-03,3.723268974541740772e-02,3.652077115335643155e-04,6.825284922882240556e-06,0.000000000000000000e+00
1.269533038429935004e+03,1.069094419336878927e+05,1.055442992510086248e-01,8.451428323515828289e-01,1.611875342181514920e-03,4.024353896232566938e-03,2.144926357448974190e-03,4.115832638182907038e-02,3.666850287395735501e-04,6.701390981587149806e-06,0.000000000000000000e+00
1.276902586320491537e+03,1.075000600351112807e+05,1.048565155542943161e-01,8.405129269698971006e-01,1.786630140681803218e-03,4.456436280973752329e-03,2.410853632982924450e-03,4.560181450497280409e-02,3.682664970717394693e-04,6.556419130324899143e-06,0.000000000000000000e+00
1.285226663285062386e+03,1.081667605029419210e+05,1.040732247480953693e-01,8.352380585420499104e-01,1.985801720675008097e-03,4.948002210562068605e-03,2.721855651400959236e-03,5.065670899961028512e-02,3.699537342028290268e-04,6.394393408539316830e-06,0.000000000000000000e+00
1.294672767122777032e+03,1.089227920385268226e+05,1.031759414413526837e-01,8.291927504665457249e-01,2.214149628661466526e-03,5.510492256015373479e-03,3.088774418737004566e-03,5.643992618246114479e-02,3.717442655777408668e-04,6.221340653812875525e-06,0.000000000000000000e+00
1.305448906846838554e+03,1.097845784918578720e+05,1.021412113090121171e-01,8.222175267546160127e-01,2.477717684392240303e-03,6.158432832622547440e-03,3.526010708599523237e-03,6.309942598276943593e-02,3.736287680112775479e-04,6.045959981919941943e-06,0.000000000000000000e+00
1.317816494023877794e+03,1.107727181707116106e+05,1.009388641816664073e-01,8.141068046663693103e-01,2.784284051867578959e-03,6.910544834802077527e-03,4.053031854472254579e-03,7.082500332957548939e-02,3.755865363476374374e-04,5.880544904300962779e-06,0.000000000000000000e+00
1.332108384196169027e+03,1.119133766625756252e+05,9.952950425749131080e-02,8.045913874976312608e-01,3.144005064723706059e-03,7.791362720245563304e-03,4.696675872579336025e-03,7.986374437348245370e-02,3.775779248867064267e-04,5.742288964661292437e-06,0.000000000000000000e+00
1.348754345616250248e+03,1.132402425801888166e+05,9.786086327652561423e-02,7.933128018813475624e-01,3.570344466598345066e-03,8.833645220665585843e-03,5.494749205184391340e-03,9.054240920657702363e-02,3.795315444593915346e-04,5.655198647232630338e-06,0.000000000000000000e+00
1.368317494232593617e+03,1.147973061566738324e+05,9.586242582806697721e-02,7.797850127097123440e-01,4.081428498537224316e-03,1.008206072948139922e-02,6.501794046872225695e-03,1.033003030161842722e-01,3.813221576292863792e-04,5.653013521254193894e-06,0.000000000000000000e+00
1.391546601808776359e+03,1.166428098186902935e+05,9.343746610819129994e-02,7.633366750670096401e-01,4.702019251251680909e-03,1.159896617715770739e-02,7.798562745362081286e-03,1.187377949521913750e-01,3.827318072938912740e-04,5.783891547449761524e-06,0.000000000000000000e+00
1.419450672577205751e+03,1.188547985236289678e+05,9.045132689414721316e-02,7.430237074479069115e-01,5.466332777988094048e-03,1.347372647335634034e-02,9.507954618377363956e-03,1.376874532330343015e-01,3.833802967003972751e-04,6.118258494655134176e-06,0.000000000000000000e+00
1.453401341473264893e+03,1.215385482781212049e+05,8.671484234058188245e-02,7.174993238994503697e-01,6.421789774153820705e-03,1.583815249271908546e-02,1.182226430035682868e-02,1.613142647324837808e-01,3.825998020806777684e-04,6.762658178887018173e-06,0.000000000000000000e+00
1.495257502613014140e+03,1.248350955195883580e+05,8.196385244353043831e-02,6.848347333252858826e-01,7.632933481984177128e-03,1.889261213626433275e-02,1.504963693105462567e-02,1.912391351610181200e-01,3.792116606446439830e-04,7.884860222831266709e-06,0.000000000000000000e+00
1.547458853584075314e+03,1.289259724414435768e+05,7.584553071623346965e-02,6.423308536157030790e-01,9.181359987908942200e-03,2.295023454383542799e-02,1.968904347718256759e-02,2.296220625172711860e-01,3.711561562910679598e-04,9.758985579474153336e-06,0.000000000000000000e+00
1.612876901104617673e+03,1.340162535947270808e+05,6.795764553833401334e-02,5.865612447171595356e-01,1.114630862029757606e-02,2.850675337343468521e-02,2.652613315994278506e-02,2.789340558193227904e-01,3.550219332908407838e-04,1.283683822286732914e-05,0.000000000000000000e+00
1.693831216967946375e+03,1.402482957525245438e+05,5.808273362894653818e-02,5.145069524646986858e-01,1.352310656616535940e-02,3.631474971559816439e-02,3.663773898391131656e-02,3.405908390359336235e-01,3.260786001291115436e-04,1.780100462242524309e-05,0.000000000000000000e+00
1.789422265085273466e+03,1.474849158245292783e+05,4.685587254881426467e-02,4.276379102588983017e-01,1.602226465061827934e-02,4.725677253055930727e-02,5.085810189290221328e-02,4.110627781844942152e-01,2.809872205264994714e-04,2.531271319213514783e-05,0.000000000000000000e+00
1.892695109128544345e+03,1.551080282531146077e+05,3.651694792429422548e-02,3.385016760819934967e-01,1.791582847194641420e-02,6.126699184725772213e-02,6.815414879218664734e-02,4.773844714316285986e-01,2.251401816318294525e-04,3.479526906633764575e-05,0.000000000000000000e+00
1.994170143372244638e+03,1.623653380719242559e+05,2.970339409378013398e-02,2.677901998634917291e-01,1.856624335563779316e-02,7.521040527619152205e-02,8.492198132448196268e-02,5.235899496577458567e-01,1.746401090728639898e-04,4.318631960329761291e-05,0.000000000000000000e+00
2.089320292140733727e+03,1.689800011645838094e+05,2.665781093139476393e-02,2.252417900013510554e-01,1.820911131818127304e-02,8.444937595608487113e-02,9.837209110290437430e-02,5.468817227121841595e-01,1.405965701393701163e-04,4.750140776546177512e-05,0.000000000000000000e+00
2.177654701247191952e+03,1.749995311984498985e+05,2.574742830116538705e-02,2.036567265246961300e-01,1.747039537634186707e-02,8.819023066756256912e-02,1.085142302352851140e-01,5.562525683973525981e-01,1.205524914632966207e-04,4.786800613832755422e-05,0.000000000000000000e+00
2.259247542689465263e+03,1.804763998045031331e+05,2.564187257088194546e-02,1.924316934580785343e-01,1.669399317467241267e-02,8.872785130177117396e-02,1.163753446448063111e-01,5.599750451119737127e-01,1.081946384868058807e-04,4.600509933432375687e-05,0.000000000000000000e+00
2.334411573777188551e+03,1.854543901744893519e+05,2.575256415328810305e-02,1.853707602666118393e-01,1.597888492339678834e-02,8.797754829766182838e-02,1.227995710881273350e-01,5.619776994355188959e-01,9.968900150845837064e-05,4.328283389195996980e-05,0.000000000000000000e+00
2.403753706593789047e+03,1.899889620074725535e+05,2.588750252733191051e-02,1.799719331447857673e-01,1.533823915877691180e-02,8.679548765008021638e-02,1.282703351713063711e-01,5.636027097929355856e-01,9.341163127433681755e-05,4.038092351425256858e-05,0.000000000000000000e+00
2.467961927745539015e+03,1.941376864108498557e+05,2.599913780531046270e-02,1.753830467511425240e-01,1.476463387598397729e-02,8.548075800108788369e-02,1.330366770672564980e-01,5.652094671378213864e-01,8.870626903183659046e-05,3.757309237073040958e-05,0.000000000000000000e+00
2.527671253779197741e+03,1.979521863139702764e+05,2.608170676679887404e-02,1.713143106315217767e-01,1.424801311656167732e-02,8.413223996799309989e-02,1.372379363497661098e-01,5.668655729946475708e-01,8.526065339062759358e-05,3.495951932537313256e-05,0.000000000000000000e+00
2.583417293284007428e+03,2.014755059567433782e+05,2.613882077534861181e-02,1.676453948128072691e-01,1.377964806580261707e-02,8.278662841112778559e-02,1.409658338956395196e-01,5.685682158857925383e-01,8.288675753813547079e-05,3.257139594891770651e-05,0.000000000000000000e+00
2.635641009955107620e+03,2.047428668773238023e+05,2.617509313032832449e-02,1.643079384042686886e-01,1.335252391443170726e-02,8.146103596668484437e-02,1.442890092422647874e-01,5.703025388439809662e-01,8.144963023349776666e-05,3.041086781245655097e-05,0.000000000000000000e+00
2.684703871358604374e+03,2.077830525990174501e+05,2.619447489368205081e-02,1.612536558778534523e-01,1.296105654348910299e-02,8.016515675498862847e-02,1.472621288902883352e-01,5.720542173682922060e-01,8.084258582645392581e-05,2.846708558515333103e-05,0.000000000000000000e+00
2.730902749785111155e+03,2.106196900554402382e+05,2.620013771620288701e-02,1.584451541370213712e-01,1.260076935179705107e-02,7.890505655403119711e-02,1.499299308811788967e-01,5.738112515214245368e-01,8.097626022139511003e-05,2.672357812791302634e-05,0.000000000000000000e+00
2.774481792268894878e+03,2.132722573660407215e+05,2.619461999968993385e-02,1.558525333409498115e-01,1.226804326920252070e-02,7.768468064799706474e-02,1.523294992067333875e-01,5.755636887555222181e-01,8.177275093612488980e-05,2.516202897407199282e-05,0.000000000000000000e+00
2.815642257793311728e+03,2.157568961666963005e+05,2.617998067993565145e-02,1.534515293362529453e-01,1.195992409376430560e-02,7.650663381644137728e-02,1.544919028015818152e-01,5.773031033377629129e-01,8.316173280364945236e-05,2.376420146255875444e-05,0.000000000000000000e+00
2.854550156232227891e+03,2.180870374229787849e+05,2.615791464738808844e-02,1.512222926421546709e-01,1.167398235846986258e-02,7.537264897937452635e-02,1.564433808619718480e-01,5.790221895503306904e-01,8.507803812545446814e-05,2.251292219011213306e-05,0.000000000000000000e+00
2.891342580507990988e+03,2.202739076097556390e+05,2.612983937087560299e-02,1.491484698002626119e-01,1.140820453109851924e-02,7.428388613596259571e-02,1.582062884194636587e-01,5.807144593135723509e-01,8.745993256612126705e-05,2.139249620381983180e-05,0.000000000000000000e+00
2.926133004085310404e+03,2.223269420267217502e+05,2.609695778102922789e-02,1.472164978249359824e-01,1.116090880937942696e-02,7.324112125339139745e-02,1.597998366013420879e-01,5.823740408986490813e-01,9.024800598019711202e-05,2.038882529771751071e-05,0.000000000000000000e+00
2.959015710585926172e+03,2.242541225645902450e+05,2.606030417923937276e-02,1.454150549561960826e-01,1.093067933963280149e-02,7.224486515296946187e-02,1.612406733182781549e-01,5.839955491636302787e-01,9.338451797884556494e-05,1.948937207995899901e-05,0.000000000000000000e+00
2.990070000353487103e+03,2.260622828271958278e+05,2.602077867260436245e-02,1.437345944768345096e-01,1.071630990427217649e-02,7.129542354149209782e-02,1.625433783519513453e-01,5.855740190278811985e-01,9.681300076546074326e-05,1.868302420370471142e-05,0.000000000000000000e+00
3.019363373870494797e+03,2.277573388240238128e+05,2.597917019045812778e-02,1.421670059486211946e-01,1.051676348889774362e-02,7.039293671139704167e-02,1.637208052858592222e-01,5.871048800580167537e-01,1.004783477940765068e-04,1.795996896071415724e-05,0.000000000000000000e+00
3.046954381629081581e+03,2.293444880573417468e+05,2.593617573968299075e-02,1.407053227425098807e-01,1.033113682726499727e-02,6.953739848028207826e-02,1.647843898175278265e-01,5.885839380240444063e-01,1.043268383314590925e-04,1.731153036107036948e-05,0.000000000000000000e+00
3.072895135713993113e+03,2.308283804254420102e+05,2.589241214569083793e-02,1.393434854879209428e-01,1.015863258545536378e-02,6.872865970821225023e-02,1.657443734479489561e-01,5.900074000358827009e-01,1.083065517474648580e-04,1.673003714638437146e-05,0.000000000000000000e+00
3.097235172939786480e+03,2.322133579389065271e+05,2.584842282230271140e-02,1.380760530519146989e-01,9.998524287266127505e-03,6.796637144924672080e-02,1.666100604625747883e-01,5.913719913129936723e-01,1.123679676667710701e-04,1.620864603933400283e-05,0.000000000000000000e+00
3.120022141489443129e+03,2.335035071003701305e+05,2.580468445183251025e-02,1.368981112153222490e-01,9.850146225702807734e-03,6.725001126246872574e-02,1.673898979162641298e-01,5.926749431793217893e-01,1.164644800328601567e-04,1.574126905970576993e-05,0.000000000000000000e+00
3.141303716050403636e+03,2.347027776314047805e+05,2.576161162828982318e-02,1.358051128910036931e-01,9.712874815710740087e-03,6.657886450386973909e-02,1.680916182089953748e-01,5.939140426323109567e-01,1.205528619428346190e-04,1.532245788185688419e-05,0.000000000000000000e+00
3.161128559669737115e+03,2.358150449053129123e+05,2.571955934831756871e-02,1.347927873338601867e-01,9.586118945764235399e-03,6.595202652778378583e-02,1.687223058347659121e-01,5.950876608325010864e-01,1.245938421835057319e-04,1.494733482861394954e-05,0.000000000000000000e+00
3.179547412750617696e+03,2.368441774766531889e+05,2.567882586898572253e-02,1.338570424420078842e-01,9.469309019679931702e-03,6.536839582800084425e-02,1.692884824872339100e-01,5.961947803571253646e-01,1.285524847230517479e-04,1.461151224794727575e-05,0.000000000000000000e+00
3.196613428503123487e+03,2.377940617179332185e+05,2.563965508106065896e-02,1.329939151538067910e-01,9.361892264078986239e-03,6.482668616114860283e-02,1.697961471419546509e-01,5.972349946329047476e-01,1.323985230587795998e-04,1.431104199136570588e-05,0.000000000000000000e+00
3.212382468825575415e+03,2.386686238749550539e+05,2.560223945832097725e-02,1.321995240852806841e-01,9.263327972208140401e-03,6.432543653853314836e-02,1.702508248472144603e-01,5.982084982304174403e-01,1.361065062961856005e-04,1.404236173344595565e-05,0.000000000000000000e+00
3.226913254948634403e+03,2.394718441317556135e+05,2.556672275807699360e-02,1.314700336232230149e-01,9.173084110208454961e-03,6.386302274329981599e-02,1.706576068094600440e-01,5.991160718317648515e-01,1.396558737519253894e-04,1.380225021947841175e-05,0.000000000000000000e+00
3.240266733899014980e+03,2.402077277749772766e+05,2.553320403939219468e-02,1.308016616333032844e-01,9.090639277160361686e-03,6.343769137604540753e-02,1.710211626040826216e-01,5.999590223000793587e-01,1.430307799350449512e-04,1.358799000617154845e-05,0.000000000000000000e+00
3.252504085393725745e+03,2.408802024641828611e+05,2.550174617864570809e-02,1.301907545634099772e-01,9.015492420026194331e-03,6.304763446388464421e-02,1.713457321002415934e-01,6.007390253378707135e-01,1.462199411568560392e-04,1.339499476853163784e-05,0.000000000000000000e+00
3.263690488079937040e+03,2.414933318461400340e+05,2.547236945021517929e-02,1.296335764359999587e-01,8.947137411346801211e-03,6.269088159171880281e-02,1.716352580985225640e-01,6.014583346354850368e-01,1.492149819725268635e-04,1.322739474347793990e-05,0.000000000000000000e+00
3.273891628641229090e+03,2.420511313080915425e+05,2.544506246168876801e-02,1.291264675393992423e-01,8.885082928690227894e-03,6.236541533658432335e-02,1.718933370989540466e-01,6.021195415331752621e-01,1.520136368787826722e-04,1.307946463380745006e-05,0.000000000000000000e+00
3.283172925114189184e+03,2.425575329267532215e+05,2.541978791055403072e-02,1.286658631825988164e-01,8.828854688683683560e-03,6.206920346931454890e-02,1.721232455664406247e-01,6.027254888236893704e-01,1.546183650210250461e-04,1.293799370236234700e-05,0.000000000000000000e+00
3.291598598582021623e+03,2.430163409091872454e+05,2.539648829862117818e-02,1.282483304205251085e-01,8.777999508982439400e-03,6.180023900029078116e-02,1.723279195180229539e-01,6.032791782882900300e-01,1.570287018146744379e-04,1.281626345714610589e-05,0.000000000000000000e+00
3.299228617925246454e+03,2.434310752325559733e+05,2.537509653587661021e-02,1.278707014728951430e-01,8.732101835089994477e-03,6.155663611502019961e-02,1.725099537557234219e-01,6.037835481788570435e-01,1.592488366643350531e-04,1.271326987767653855e-05,0.000000000000000000e+00
3.306124946192858715e+03,2.438053180600326159e+05,2.535552249493731522e-02,1.275297511758576863e-01,8.690743663223032822e-03,6.133643422162571301e-02,1.726717979765780842e-01,6.042418463043590648e-01,1.612881749402374991e-04,1.261598848361355916e-05,0.000000000000000000e+00
3.312349920537380058e+03,2.441426296040377638e+05,2.533765841667504765e-02,1.272222768604450160e-01,8.653514233948661830e-03,6.113765680767924843e-02,1.728156966017075358e-01,6.046575127684791218e-01,1.631547258124363474e-04,1.252958525783276177e-05,0.000000000000000000e+00
3.317957056837333312e+03,2.444460568211414793e+05,2.532140822249333290e-02,1.269455410176326127e-01,8.620062995626228547e-03,6.095860345697712984e-02,1.729435345395977652e-01,6.050335374045981984e-01,1.648563819420173287e-04,1.245598113763688102e-05,0.000000000000000000e+00
3.323000374291164917e+03,2.447186447715185059e+05,2.530666284832394294e-02,1.266968025536863163e-01,8.590042558914762552e-03,6.079755417361915742e-02,1.730570813698129595e-01,6.053730610349310481e-01,1.664037883255170059e-04,1.239167239129023138e-05,0.000000000000000000e+00
3.327530505933365475e+03,2.449632298443601176e+05,2.529331368515652656e-02,1.264735061818960116e-01,8.563130807664210212e-03,6.065289433627547161e-02,1.731579187936240771e-01,6.056790922005482747e-01,1.678070215918251850e-04,1.233697324854018695e-05,0.000000000000000000e+00
3.331589279180100220e+03,2.451821535228367429e+05,2.528126949681203453e-02,1.262735421849907613e-01,8.539062237795908006e-03,6.052328653755328219e-02,1.732473596751229750e-01,6.059541325704811410e-01,1.690791030338126678e-04,1.226819421490832096e-05,0.000000000000000000e+00
3.335228213261075325e+03,2.453782593533588515e+05,2.527040337790259494e-02,1.260943431820842064e-01,8.517518403262121576e-03,6.040709206332660341e-02,1.733267840405768867e-01,6.062014086436274818e-01,1.702251417895539248e-04,1.222514743550899425e-05,0.000000000000000000e+00
3.338484399076731279e+03,2.455536010691190895e+05,2.526062604960215702e-02,1.259340522942110352e-01,8.498268241921805299e-03,6.030312242550524282e-02,1.733972649639413111e-01,6.064232240261271389e-01,1.712583847655918437e-04,1.218361393057140932e-05,0.000000000000000000e+00
3.341393623718639901e+03,2.457101495597956236e+05,2.525184720454654030e-02,1.257908870332850593e-01,8.481091351447063789e-03,6.021023458378971238e-02,1.734597657477259802e-01,6.066218428132668095e-01,1.721878479497334562e-04,1.214341799413537144e-05,0.000000000000000000e+00
3.343992927396828691e+03,2.458499324128771550e+05,2.524396874711526059e-02,1.256630113029397477e-01,8.465762280070216958e-03,6.012724787799066106e-02,1.735152128091593249e-01,6.067996545882176074e-01,1.730202799712076420e-04,1.212211454087204516e-05,0.000000000000000000e+00
3.346314321520237172e+03,2.459747009917371033e+05,2.523690500361688502e-02,1.255488325428457119e-01,8.452085910474416153e-03,6.005313416289737721e-02,1.735644522991104111e-01,6.069587352727862095e-01,1.737708035652907627e-04,1.208400470849733834e-05,0.000000000000000000e+00
3.348388266001900774e+03,2.460861132469568984e+05,2.523057207337474003e-02,1.254468481240837430e-01,8.439878803363444829e-03,5.998692540763472802e-02,1.736081877215154279e-01,6.071010823778715260e-01,1.744418046460540839e-04,1.206368751489652638e-05,0.000000000000000000e+00
3.350229847794723810e+03,2.461849990255705197e+05,2.522493120132849806e-02,1.253563057808639858e-01,8.429048137122403458e-03,5.992813607203039544e-02,1.736468399592843159e-01,6.072276580036319871e-01,1.750409739647096959e-04,1.203987177838980586e-05,0.000000000000000000e+00
3.351872075662562111e+03,2.462731453215523798e+05,2.521988704857748564e-02,1.252755770524696111e-01,8.419396890938294492e-03,5.987571231640813341e-02,1.736811611719613346e-01,6.073406723385545991e-01,1.755776718374850074e-04,1.201550925799181926e-05,0.000000000000000000e+00
3.353335099504460686e+03,2.463516446314633358e+05,2.521538235608204032e-02,1.252036684225780738e-01,8.410804432029746203e-03,5.982901155122329062e-02,1.737116117803098048e-01,6.074414648557764362e-01,1.760560480877161919e-04,1.200055391792210330e-05,0.000000000000000000e+00
3.354635338964968469e+03,2.464213878258426848e+05,2.521136997688879292e-02,1.251397682785146959e-01,8.403172483832719100e-03,5.978750836102123684e-02,1.737385810727233582e-01,6.075311329907525648e-01,1.764830141201905421e-04,1.198382215139803087e-05,0.000000000000000000e+00
3.355785812923822959e+03,2.464830804015629983e+05,2.520781296596174767e-02,1.250832343501724064e-01,8.396423029874434604e-03,5.975078666559424656e-02,1.737623700286644313e-01,6.076105413427759228e-01,1.768614883212347392e-04,1.197012864054286647e-05,0.000000000000000000e+00
3.356808622471559829e+03,2.465379137600986287e+05,2.520464525762471791e-02,1.250329776270450444e-01,8.390425184328474326e-03,5.971814000028585062e-02,1.737834668866762577e-01,6.076811927588636753e-01,1.771995957557514351e-04,1.195268942521114414e-05,0.000000000000000000e+00
3.357718182523930409e+03,2.465866646935286990e+05,2.520182399919360453e-02,1.249882898731491943e-01,8.385093676209961003e-03,5.968910965069551544e-02,1.738021757172645565e-01,6.077440646034698579e-01,1.774998908381834287e-04,1.194258918392736476e-05,0.000000000000000000e+00
3.358539756225352448e+03,2.466306908636424050e+05,2.519927209931272991e-02,1.249479284129960122e-01,8.380279775162872286e-03,5.966289091464142130e-02,1.738190281869251008e-01,6.078008924509481492e-01,1.777711799270496754e-04,1.193698009158685334e-05,0.000000000000000000e+00
3.359262934407550802e+03,2.466694370445121604e+05,2.519702344156346183e-02,1.249124030856385154e-01,8.376043576083064615e-03,5.963980892299539094e-02,1.738338416034171385e-01,6.078509345601673663e-01,1.780093618455460083e-04,1.193544829465637955e-05,0.000000000000000000e+00
3.359897072343676427e+03,2.467034081229680160e+05,2.519504913449119310e-02,1.248812524068089874e-01,8.372330111539273353e-03,5.961956967303248117e-02,1.738468133582632413e-01,6.078948425446418780e-01,1.782208136997979282e-04,1.192195752841776305e-05,0.000000000000000000e+00
3.360467576182380526e+03,2.467339661562996334e+05,2.519327155673389135e-02,1.248532280134391909e-01,8.368989896184206995e-03,5.960136102952513781e-02,1.738584723079292793e-01,6.079343587721118825e-01,1.784117776241922893e-04,1.190664645759461451e-05,0.000000000000000000e+00
3.360967736470808632e+03,2.467607529272320971e+05,2.519171162484140636e-02,1.248286610270163133e-01,8.366062383780809714e-03,5.958539850754166617e-02,1.738686727085795303e-01,6.079690178153966951e-01,1.785786985468213091e-04,1.189723430198624113e-05,0.000000000000000000e+00
3.361410071217538643e+03,2.467844397438561427e+05,2.519033111426613111e-02,1.248069362102567914e-01,8.363473910766533112e-03,5.957128292192185454e-02,1.738776740784093167e-01,6.079996790314923238e-01,1.787249085944301675e-04,1.189782429799115325e-05,0.000000000000000000e+00
3.361803604647745033e+03,2.468055113090384693e+05,2.518910210726567345e-02,1.247876086806003620e-01,8.361171401140947423e-03,5.955872464859209015e-02,1.738856750335618651e-01,6.080269656347607743e-01,1.788552929757244721e-04,1.189720110781756646e-05,0.000000000000000000e+00
3.362151621237870131e+03,2.468241445220426540e+05,2.518801463632459881e-02,1.247705159134019637e-01,8.359135392195146327e-03,5.954761778329515504e-02,1.738927532297730449e-01,6.080511026148479603e-01,1.789721120539750467e-04,1.188831811339744916e-05,0.000000000000000000e+00
3.362478461420950225e+03,2.468416418747723219e+05,2.518699300266796434e-02,1.247544650785626097e-01,8.357223592705379997e-03,5.953718859040407763e-02,1.738993831147067903e-01,6.080737740939280433e-01,1.790796466000496372e-04,1.189288043052802386e-05,0.000000000000000000e+00
3.362757179905501289e+03,2.468565645195266698e+05,2.518611682152412448e-02,1.247407813230133888e-01,8.355596102301294029e-03,5.952830637104747358e-02,1.739049825675764438e-01,6.080931660277483219e-01,1.791768608894151143e-04,1.187392590513570759e-05,0.000000000000000000e+00
3.362997298138278893e+03,2.468694162460882799e+05,2.518536960131212768e-02,1.247289842603374332e-01,8.354189328116757435e-03,5.952063048703829656e-02,1.739099131715497182e-01,6.081097800928323416e-01,1.792542270754531692e-04,1.187883174349475209e-05,0.000000000000000000e+00
3.363210806389435675e+03,2.468808448245626350e+05,2.518470126385293287e-02,1.247184985872435009e-01,8.352940807403556878e-03,5.951381649790302153e-02,1.739142443017542283e-01,6.081246000124410633e-01,1.793262355539853583e-04,1.187229385350460153e-05,0.000000000000000000e+00
3.363399891829050830e+03,2.468909650829680904e+05,2.518410916946803996e-02,1.247092140859263759e-01,8.351835366379137260e-03,5.950778364925218833e-02,1.739180653277908051e-01,6.081377265192507986e-01,1.793880990937489917e-04,1.187778284478040792e-05,0.000000000000000000e+00
3.363567350547139995e+03,2.468999278065469989e+05,2.518358466264638759e-02,1.247009906399224599e-01,8.350856329408547565e-03,5.950243982528224951e-02,1.739214555003674723e-01,6.081493531929094143e-01,1.794440851470571416e-04,1.187576432247442383e-05,0.000000000000000000e+00
3.363715850778490676e+03,2.469078755628668587e+05,2.518311942276181895e-02,1.246936982310762748e-01,8.349988184065107802e-03,5.949770096397132002e-02,1.739244610242257072e-01,6.081596647364831965e-01,1.794938067918651922e-04,1.187363063067313757e-05,0.000000000000000000e+00
3.363847515147098875e+03,2.469149223998990783e+05,2.518270685166890122e-02,1.246872316062217073e-01,8.349218395963137543e-03,5.949349829100691184e-02,1.739271331401148479e-01,6.081688081890972430e-01,1.795391658602704676e-04,1.186436007294204746e-05,0.000000000000000000e+00
3.363964349007856981e+03,2.469211746741905517e+05,2.518234065750189418e-02,1.246814952458281250e-01,8.348535546102353253e-03,5.948977091312843829e-02,1.739294890387265702e-01,6.081769223720467910e-01,1.795772226837516385e-04,1.186900398798149556e-05,0.000000000000000000e+00
3.364067914781654963e+03,2.469267170591516187e+05,2.518201600432090626e-02,1.246764095635158609e-01,8.347930184752631530e-03,5.948646600137669216e-02,1.739315832097041714e-01,6.081841156769012269e-01,1.796119406296305403e-04,1.186741880498643520e-05,0.000000000000000000e+00
3.364159753555839416e+03,2.469316320066662156e+05,2.518172807775926128e-02,1.246718990638229912e-01,8.347393315326193802e-03,5.948353457744656736e-02,1.739334454666903174e-01,6.081904949409865369e-01,1.796435970490242891e-04,1.186096092526121824e-05,0.000000000000000000e+00
3.364241196550819041e+03,2.469359899469320371e+05,2.518147268784479836e-02,1.246679007804760986e-01,8.346917408187192952e-03,5.948093667573813026e-02,1.739350836561938396e-01,6.081961523749941367e-01,1.796697134841966409e-04,1.186670308785235751e-05,0.000000000000000000e+00
3.364313346288825869e+03,2.469398508609627315e+05,2.518124642436138719e-02,1.246643578515627543e-01,8.346495722752362081e-03,5.947863428143438519e-02,1.739365417895998578e-01,6.082011645667053656e-01,1.796939424719859544e-04,1.186542111821293020e-05,0.000000000000000000e+00
3.364377315937059848e+03,2.469432741185171762e+05,2.518104579751407820e-02,1.246612162408834573e-01,8.346121816186812328e-03,5.947659253016597536e-02,1.739378374240495573e-01,6.082056087251768162e-01,1.797158901849606259e-04,1.186157584471899895e-05,0.000000000000000000e+00
3.364436872955813669e+03,2.469464612351940305e+05,2.518085899175194486e-02,1.246582912386239306e-01,8.345773699410412305e-03,5.947469150831872359e-02,1.739390443827062149e-01,6.082097465312835682e-01,1.797364656398572945e-04,1.185718227177938923e-05,0.000000000000000000e+00
3.364486844310206379e+03,2.469491349879282061e+05,2.518070222846503781e-02,1.246558380607942496e-01,8.345481728065212365e-03,5.947309753253782888e-02,1.739400487034415688e-01,6.082132184137976072e-01,1.797524718028558537e-04,1.186086110198592480e-05,0.000000000000000000e+00
3.364531338943247192e+03,2.469515160677135282e+05,2.518056264856291526e-02,1.246536526470296141e-01,8.345221643425286898e-03,5.947167710505872618e-02,1.739409516322932836e-01,6.082163099577472254e-01,1.797680642834532526e-04,1.185630160575986912e-05,0.000000000000000000e+00
3.364570593255127733e+03,2.469536162852367852e+05,2.518043948434071574e-02,1.246517257990566313e-01,8.344992319949008988e-03,5.947042519372338493e-02,1.739417387801527048e-01,6.082190374261571275e-01,1.797804004392128386e-04,1.186059618755840756e-05,0.000000000000000000e+00
3.364605428373314226e+03,2.469554807001965528e+05,2.518033020347389822e-02,1.246500140177848742e-01,8.344788617212798784e-03,5.946931228267923752e-02,1.739424520557342480e-01,6.082214579871114690e-01,1.797935985039576074e-04,1.185123750590228334e-05,0.000000000000000000e+00
3.364636297684955025e+03,2.469571321487580135e+05,2.518023333301174643e-02,1.246484991107636303e-01,8.344608321074451635e-03,5.946832815037698255e-02,1.739430682044191268e-01,6.082236029399189503e-01,1.798028839006051989e-04,1.185705654113857052e-05,0.000000000000000000e+00
3.364663738164177175e+03,2.469585999684685958e+05,2.518014721188321231e-02,1.246471529974962356e-01,8.344448109305079714e-03,5.946745387601075350e-02,1.739436117184454400e-01,6.082255096563341512e-01,1.798105076507750422e-04,1.186592288075579327e-05,0.000000000000000000e+00
3.364688002060683175e+03,2.469598983543108043e+05,2.518007107538600478e-02,1.246459613130879857e-01,8.344306295238712937e-03,5.946667934731652422e-02,1.739441034561575172e-01,6.082271957403113660e-01,1.798189466183527604e-04,1.186382588995907425e-05,0.000000000000000000e+00
3.364709456417564070e+03,2.469610464361754712e+05,2.518000375400146831e-02,1.246449074931831463e-01,8.344180889911751581e-03,5.946599437367776353e-02,1.739445392136593771e-01,6.082286866207911036e-01,1.798265581644735260e-04,1.186109661751656616e-05,0.000000000000000000e+00
3.364728462983883674e+03,2.469620637762864062e+05,2.517994412084744588e-02,1.246439731932073858e-01,8.344069716763673553e-03,5.946538680551136796e-02,1.739449309286278944e-01,6.082300074535521572e-01,1.798341662378383817e-04,1.185361525882817331e-05,0.000000000000000000e+00
3.364745337344483687e+03,2.469629663139385229e+05,2.517989115137835368e-02,1.246431456172595598e-01,8.343971220844041345e-03,5.946484938909930157e-02,1.739452634637728146e-01,6.082311800407065316e-01,1.798386096662811452e-04,1.186050727963839521e-05,0.000000000000000000e+00
3.364760275008382450e+03,2.469637658142960863e+05,2.517984428037598268e-02,1.246424114543067257e-01,8.343883861752915410e-03,5.946437201552692148e-02,1.739455703275404330e-01,6.082322181307411313e-01,1.798444424418818729e-04,1.185548732050689246e-05,0.000000000000000000e+00
3.364773580255696743e+03,2.469644772663100157e+05,2.517980250582673579e-02,1.246417594453387012e-01,8.343806255959833676e-03,5.946394881568445312e-02,1.739458283315991338e-01,6.082331426987911405e-01,1.798473123517191569e-04,1.186463445484283476e-05,0.000000000000000000e+00
3.364785342465850135e+03,2.469651067282909644e+05,2.517976559433686423e-02,1.246411815698747205e-01,8.343737491799273556e-03,5.946357314978699404e-02,1.739460682112003442e-01,6.082339601169478582e-01,1.798516419989459989e-04,1.186222406171938471e-05,0.000000000000000000e+00
3.364795743303526251e+03,2.469656633019508154e+05,2.517973295328104766e-02,1.246406706705736195e-01,8.343676696600145146e-03,5.946324105971449031e-02,1.739462795900724723e-01,6.082346829276916722e-01,1.798553596320868922e-04,1.186074244117763542e-05,0.000000000000000000e+00
3.364804947112050286e+03,2.469661562212336867e+05,2.517970408320680670e-02,1.246402174243379235e-01,8.343622775631087327e-03,5.946294599407574155e-02,1.739464757701274511e-01,6.082353226066631313e-01,1.798600362127022187e-04,1.185130975206110003e-05,0.000000000000000000e+00
3.364813132587036307e+03,2.469665938868350640e+05,2.517967838081083473e-02,1.246398163625350997e-01,8.343575039007773350e-03,5.946268569872127652e-02,1.739466340225422625e-01,6.082358914213545908e-01,1.798617329536185796e-04,1.185734208132792672e-05,0.000000000000000000e+00
3.364820387851891610e+03,2.469669825507312780e+05,2.517965562600602697e-02,1.246394587824730948e-01,8.343532502745885579e-03,5.946245279790943888e-02,1.739467909836241166e-01,6.082363956926047921e-01,1.798657718213015591e-04,1.184784282228685279e-05,0.000000000000000000e+00
3.364826843630761687e+03,2.469673275807854952e+05,2.517963534889307992e-02,1.246391428976926230e-01,8.343494899502741299e-03,5.946224795195217266e-02,1.739469123872467160e-01,6.082368442947464482e-01,1.798665934106920738e-04,1.185562656223678557e-05,0.000000000000000000e+00
3.364832616596392654e+03,2.469676363418869441e+05,2.517961722447953701e-02,1.246388597840563106e-01,8.343461205041799444e-03,5.946206410531437031e-02,1.739470260415204306e-01,6.082372454802063011e-01,1.798681015669065437e-04,1.185805782107563095e-05,0.000000000000000000e+00
3.364837652476793664e+03,2.469679058930216124e+05,2.517960142189417522e-02,1.246386122127802476e-01,8.343431747787767583e-03,5.946190310047159977e-02,1.739471300069197757e-01,6.082375954709737798e-01,1.798701492670210769e-04,1.185588991239625652e-05,0.000000000000000000e+00
3.364842382829027429e+03,2.469681589467634331e+05,2.517958657270418996e-02,1.246383800698994682e-01,8.343404121510984012e-03,5.946175228963700155e-02,1.739472244116513355e-01,6.082379242101834116e-01,1.798715790786422286e-04,1.185674534172927542e-05,0.000000000000000000e+00
3.364846325113203420e+03,2.469683699412731221e+05,2.517957420078069386e-02,1.246381863193072870e-01,8.343381067576488216e-03,5.946162631011412542e-02,1.739473053347145304e-01,6.082381981979897434e-01,1.798731125752983575e-04,1.185545694889265365e-05,0.000000000000000000e+00
3.364849875450501258e+03,2.469685595100883802e+05,2.517956304264426862e-02,1.246380131079665443e-01,8.343360439325681055e-03,5.946151395978568205e-02,1.739473685895530364e-01,6.082384446764115271e-01,1.798729334970549396e-04,1.186325082318097918e-05,0.000000000000000000e+00
3.364852952484062826e+03,2.469687242058524280e+05,2.517955338633455498e-02,1.246378618512764685e-01,8.343342445113297035e-03,5.946141582271410181e-02,1.739474314544396660e-01,6.082386587393011634e-01,1.798741831043170608e-04,1.186211772354069959e-05,0.000000000000000000e+00
3.364855661063033040e+03,2.469688695914439741e+05,2.517954490145683441e-02,1.246377275362829939e-01,8.343326477418474413e-03,5.946132801811699481e-02,1.739474965910778326e-01,6.082388470391294488e-01,1.798766844835457000e-04,1.185275204066155722e-05,0.000000000000000000e+00
3.364858085019800001e+03,2.469689990914402879e+05,2.517953728584840928e-02,1.246376090669395476e-01,8.343312373261434212e-03,5.946125124626323172e-02,1.739475410875987726e-01,6.082390154739524268e-01,1.798768286700906465e-04,1.185663747284761538e-05,0.000000000000000000e+00
3.364860223954141929e+03,2.469691138551899057e+05,2.517953058371666733e-02,1.246375031294754132e-01,8.343299777662007907e-03,5.946118204307859062e-02,1.739475914928071965e-01,6.082391641668619675e-01,1.798786473060759699e-04,1.185015909897525439e-05,0.000000000000000000e+00
3.364862126770688974e+03,2.469692155109550222e+05,2.517952460531026546e-02,1.246374101367910409e-01,8.343288706526551593e-03,5.946112178335299231e-02,1.739476263726432992e-01,6.082392963890470572e-01,1.798787529596981058e-04,1.185325337593991227e-05,0.000000000000000000e+00
3.364863825266909316e+03,2.469693059767485538e+05,2.517951925877552274e-02,1.246373279106325060e-01,8.343278907926939339e-03,5.946106880896517843e-02,1.739476512835709532e-01,6.082394143782505758e-01,1.798779024609597479e-04,1.186154942426145492e-05,0.000000000000000000e+00
3.364865301028790782e+03,2.469693853280400508e+05,2.517951464081896740e-02,1.246372543351064732e-01,8.343270165729438706e-03,5.946102055748810761e-02,1.739476899146875921e-01,6.082395169915331135e-01,1.798797423825145968e-04,1.185365226084451106e-05,0.000000000000000000e+00
3.364866636471195307e+03,2.469694564492926875e+05,2.517951043681557893e-02,1.246371897059227185e-01,8.343262463854373909e-03,5.946097892840335186e-02,1.739477093325115242e-01,6.082396097597632112e-01,1.798790481552595686e-04,1.186032458115086323e-05,0.000000000000000000e+00
3.364867797175624219e+03,2.469695188191146881e+05,2.517950680322268014e-02,1.246371319543081307e-01,8.343255600496495353e-03,5.946094109945742473e-02,1.739477387887933268e-01,6.082396904612217270e-01,1.798803544805082798e-04,1.185493802702082491e-05,0.000000000000000000e+00
3.364868849703527303e+03,2.469695749873343157e+05,2.517950349401588267e-02,1.246370806920443775e-01,8.343249495453449599e-03,5.946090795068247753e-02,1.739477566808681208e-01,6.082397635912226708e-01,1.798802002021792083e-04,1.185789551811255252e-05,0.000000000000000000e+00
3.364869761663693680e+03,2.469696239887924457e+05,2.517950063902527069e-02,1.246370353231364692e-01,8.343244103623560781e-03,5.946087823522612503e-02,1.739477797743700649e-01,6.082398269978520622e-01,1.798812190053247339e-04,1.185370776822783484e-05,0.000000000000000000e+00
3.364870577759797015e+03,2.469696676459825248e+05,2.517949807705792756e-02,1.246369952736959552e-01,8.343239337567637595e-03,5.946085221741442134e-02,1.739477960558561132e-01,6.082398837143068171e-01,1.798814650707284909e-04,1.185385903758964132e-05,0.000000000000000000e+00
3.364871302884956549e+03,2.469697063932299789e+05,2.517949579907989913e-02,1.246369598122588629e-01,8.343235116044348670e-03,5.946082922880772947e-02,1.739478095372449518e-01,6.082399341029506301e-01,1.798815341482532513e-04,1.185486947241974209e-05,0.000000000000000000e+00
3.364871951462039306e+03,2.469697409954387695e+05,2.517949375957044197e-02,1.246369282499693865e-01,8.343231356852892286e-03,5.946080882934729611e-02,1.739478203554012392e-01,6.082399791652669530e-01,1.798814076805000978e-04,1.185687591857696160e-05,0.000000000000000000e+00
3.364872515969087544e+03,2.469697712928623660e+05,2.517949199104220839e-02,1.246369002651227104e-01,8.343228029868785672e-03,5.946079053826882482e-02,1.739478338641753385e-01,6.082400184098083473e-01,1.798819189609988304e-04,1.185498275983276026e-05,0.000000000000000000e+00
3.364873026823893724e+03,2.469697985302833258e+05,2.517949038397999939e-02,1.246368754538112328e-01,8.343225074164248647e-03,5.946077452150204390e-02,1.739478419957718458e-01,6.082400539011620921e-01,1.798817602372223851e-04,1.185690937833771274e-05,0.000000000000000000e+00
3.364873463030292442e+03,2.469698221155728097e+05,2.517948902377494316e-02,1.246368533343755469e-01,8.343222450278912211e-03,5.946075987135519825e-02,1.739478563775789799e-01,6.082400842487045711e-01,1.798827539613173394e-04,1.185193997754820782e-05,0.000000000000000000e+00
3.364873871398042866e+03,2.469698435800003062e+05,2.517948772779915814e-02,1.246368343794631850e-01,8.343220181744057454e-03,5.946074798446401855e-02,1.739478558765218674e-01,6.082401125800125374e-01,1.798815642065983600e-04,1.185970579543223338e-05,0.000000000000000000e+00
3.364874206753676845e+03,2.469698618849635532e+05,2.517948668840049725e-02,1.246368168826491180e-01,8.343218111827912717e-03,5.946073620888523564e-02,1.739478708481331237e-01,6.082401359334993485e-01,1.798829225038843407e-04,1.185240410776590242e-05,0.000000000000000000e+00
3.364874523884411246e+03,2.469698786507644691e+05,2.517948568552367053e-02,1.246368018866375743e-01,8.343216320543569639e-03,5.946072668988901938e-02,1.739478726577601275e-01,6.082401579475830156e-01,1.798823323601919904e-04,1.185647970958574264e-05,0.000000000000000000e+00
3.364874783159857088e+03,2.469698929520408856e+05,2.517948488739269255e-02,1.246367879348398711e-01,8.343214674726616431e-03,5.946071714311564754e-02,1.739478876139325114e-01,6.082401760222461151e-01,1.798838957949243616e-04,1.184782795854008544e-05,0.000000000000000000e+00
3.364875030706014968e+03,2.469699060858173179e+05,2.517948410627902575e-02,1.246367760962329707e-01,8.343213262227188246e-03,5.946070957404019086e-02,1.739478900861600175e-01,6.082401932120540256e-01,1.798835960120750738e-04,1.185006700132554895e-05,0.000000000000000000e+00
3.364875256184277077e+03,2.469699178812324244e+05,2.517948338865489549e-02,1.246367657899815073e-01,8.343212026776647763e-03,5.946070317723058801e-02,1.739478885378660244e-01,6.082402088478272573e-01,1.798827460505387262e-04,1.185548561951929881e-05,0.000000000000000000e+00
3.364875452490401130e+03,2.469699285430346790e+05,2.517948277826901476e-02,1.246367556997253212e-01,8.343210831388378490e-03,5.946069644253069997e-02,1.739478960923460937e-01,6.082402225113188177e-01,1.798833575525001253e-04,1.185228687604838278e-05,0.000000000000000000e+00
3.364875636402649434e+03,2.469699379604601418e+05,2.517948218547067310e-02,1.246367478729340922e-01,8.343209885811405865e-03,5.946069182942947257e-02,1.739478902122443549e-01,6.082402352384300714e-01,1.798819633305152193e-04,1.186081235612518844e-05,0.000000000000000000e+00
3.364875767235039802e+03,2.469699454363858094e+05,2.517948179223938876e-02,1.246367400942166720e-01,8.343208976154399895e-03,5.946068624173966866e-02,1.739479036431363368e-01,6.082402443925349900e-01,1.798836454930442818e-04,1.185121449228715241e-05,0.000000000000000000e+00
3.364875916624402180e+03,2.469699529669924523e+05,2.517948130635237064e-02,1.246367340755382969e-01,8.343208244404636681e-03,5.946068284808394416e-02,1.739478961666619528e-01,6.082402547152259142e-01,1.798821030750068055e-04,1.186054066456371092e-05,0.000000000000000000e+00
3.364876021654754823e+03,2.469699589013945661e+05,2.517948098820887298e-02,1.246367280221197110e-01,8.343207534642915063e-03,5.946067856182015582e-02,1.739479054253105228e-01,6.082402620553413186e-01,1.798832222094629734e-04,1.185419035363499518e-05,0.000000000000000000e+00
3.364876139435678397e+03,2.469699648378231504e+05,2.517948060509774336e-02,1.246367232792327667e-01,8.343206957970120477e-03,5.946067588864246967e-02,1.739478995121452598e-01,6.082402701938078859e-01,1.798820033207038159e-04,1.186155978969960411e-05,0.000000000000000000e+00
3.364876223655204285e+03,2.469699695461283554e+05,2.517948034814870145e-02,1.246367185683091849e-01,8.343206404176850555e-03,5.946067260088445938e-02,1.739479057964814501e-01,6.082402760730605262e-01,1.798827276751369130e-04,1.185748127029512958e-05,0.000000000000000000e+00
